schedule_no,schedule_name
1/1,All Days
1/6,All Days
100/2,Holiday
104/1,All Days
104/2,All Days
104/5,Week Days
107C/2,Week Days
108/1,All Days
108/2,Holiday
108B/1,Week Days
108B/2,Holiday
108B/3,Holiday
108B/4,Holiday
108B/5,Week Days
10A/1,All Days
10J/1,All Days
10J/2,All Days
10J/3,All Days
111/1,All Days
111/2,Holiday
111/3,All Days
111/4,Holiday
111/6,Week Days
111/7,All Days
111C/1,All Days
111C/2,All Days
111C/4,All Days
111C/7,All Days
111E/1,All Days
111E/2,All Days
112/1,All Days
112/2,All Days
112/3,All Days
112/4,All Days
112/5,Holiday
112A/1,All Days
114/1,All Days
114/3,All Days
114/4,All Days
114A/1,Holiday
114A/2,All Days
114A/3,Week Days
114A/4,Week Days
114A/6,Week Days
114B/1,All Days
114B/2,All Days
114C/1,Holiday
114C/3,All Days
114C/4,All Days
114C/6,All Days
114C/7,All Days
114D/1,All Days
114D/2,All Days
114E/1,Holiday
114G/1,All Days
115A/1,Week Days
119/1,All Days
119/2,All Days
12/1,All Days
12/2,All Days
12/3,Week Days
12/4,All Days
12/5,All Days
12/8,Week Days
121A/1,All Days
122/1,All Days
123/1,All Days
125/1,All Days
125E/1,All Days
126A/1,All Days
127/1,All Days
127/2,All Days
127/4,All Days
127/5,All Days
128/1,Holiday
129/1,Holiday
129/3,Holiday
129/4,Week Days
129/5,All Days
129/6,All Days
129/7,Week Days
12B/4,All Days
12B/5,Holiday
12B/7,All Days
12D/1,All Days
12E/1,All Days
12F/1,All Days
12F-1/1,All Days
12F-1/2,All Days
12F-1/3,All Days
12F-1/4,All Days
12F-2/1,All Days
12F-2/2,All Days
12F-2/3,All Days
12F-2/4,All Days
12F-3/1,All Days
12F-3/2,All Days
12F-3/3,All Days
12F-5/10,All Days
12F-5/11,All Days
12F-5/14,All Days
12F-5/1,All Days
12F-5/3,All Days
12F-5/4,All Days
12F-5/5,All Days
12F-5/6,All Days
12F-5/9,All Days
13/1,Holiday
13/2,All Days
131/7,All Days
137/2,All Days
137/5,Holiday
138/11,Holiday
138/12,Holiday
138/13,Week Days
138/1,Holiday
138/2,All Days
138/3,Holiday
138/4,All Days
138/5,All Days
138/6,Week Days
138/7,All Days
138A/3,Holiday
139/1,All Days
139/2,All Days
139/3,All Days
13A/1,All Days
13A/2,All Days
13B/1,All Days
13B/2,Saturday
13B/3,All Days
13B/4,All Days
13C/1,All Days
13C/2,All Days
13C/3,All Days
13D/1,All Days
13E/1,All Days
13E/4,All Days
13F/1,All Days
13G/1,All Days
13H/2,All Days
13J/1,All Days
13K/1,All Days
13S/1,All Days
14/4,Week Days
140/1,All Days
140A/1,All Days
140E/1,All Days
140E/2,Holiday
141/1,All Days
141/2,All Days
141/3,All Days
141A/1,All Days
141B/1,Holiday
141E/1,All Days
141E/2,All Days
141E/3,All Days
141K/1,All Days
143/1,Holiday
143/2,All Days
143/4,All Days
143/5,All Days
143/6,All Days
143/7,Week Days
143A/1,All Days
143A/2,All Days
143E/1,All Days
143E/2,All Days
144/1,Holiday
144/2,All Days
144/3,All Days
144A/1,All Days
144E/1,All Days
144E/2,All Days
144E/3,Holiday
144E/4,All Days
144E/5,All Days
144E/6,All Days
144E/7,All Days
144G/2,All Days
144H/1,All Days
144H/2,All Days
144K/1,All Days
144K/2,All Days
145/1,All Days
145/4,All Days
145/5,All Days
145A/1,All Days
145A/2,Week Days
146/2,Week Days
146/3,Holiday
146B/1,All Days
146D/1,Holiday
146E/1,All Days
150/2,Week Days
150/3,Week Days
150/4,Week Days
150/5,Saturday
150/7,Week Days
150/8,All Days
154/1,Saturday
154/2,Week Days
155/2,All Days
15A/2,Week Days
15A/3,All Days
15A/4,All Days
15A/5,All Days
15A/6,Holiday
15C/1,All Days
15C/2,All Days
15E/1,All Days
15E/2,All Days
15E/3,All Days
15E/4,All Days
15E/5,All Days
15E/7,All Days
15E/9,Holiday
15F/1,All Days
15F/2,All Days
15G/1,All Days
15G/2,All Days
15G/3,All Days
15G/4,All Days
15K/1,All Days
16/3,All Days
161B/1,All Days
161D/1,Week Days
161D/2,All Days
162/2,Week Days
162D/2,Holiday
162E/1,Holiday
163C/1,All Days
163D/1,All Days
163G/1,Week Days
164/2,All Days
164/3,All Days
164/4,Week Days
165C/1,Holiday
166/2,Holiday
166/3,All Days
166/4,Week Days
168A/1,All Days
168D/1,Holiday
168D/2,All Days
168DA/1,All Days
168E/1,All Days
168E/2,All Days
169/1,All Days
170/3,Week Days
171/10,Week Days
171/11,Holiday
171/12,Holiday
171/13,Holiday
171/14,All Days
171/15,Week Days
171/17,All Days
171/1,All Days
171/2,Week Days
171/3,All Days
171/5,All Days
171/6,Holiday
171/7,All Days
171/8,All Days
171/9,Holiday
171A/2,Holiday
171B/2,Week Days
171F/1,All Days
171F/2,All Days
171F/3,Holiday
171G/1,All Days
171G/2,All Days
171G/3,All Days
171G/4,Week Days
171G/5,Holiday
171G/6,Week Days
171G/7,All Days
171G/8,All Days
171H/1,Week Days
171J/1,All Days
173A/1,All Days
174/1,All Days
174A/1,Week Days
176/10,All Days
176/11,All Days
176/12,All Days
176/13,All Days
176/15,All Days
176/16,All Days
176/19,Week Days
176/1,All Days
176/20,All Days
176/21,All Days
176/22,All Days
176/24,All Days
176/2,All Days
176/3,All Days
176/4,Holiday
176/5,All Days
176/6,All Days
176/7,All Days
176/8,Holiday
176/9,All Days
176C/3,All Days
176C/4,All Days
176CA/1,All Days
176CA/2,All Days
176E/1,All Days
176G/1,All Days
177/1,All Days
177/2,All Days
178/1,Holiday
18/2,Week Days
18/3,All Days
18/4,Holiday
18/5,All Days
18/7,All Days
18/8,All Days
18/9,Week Days
180/1,All Days
180/2,All Days
180/3,All Days
180/5,All Days
180/7,All Days
181/1,Week Days
181/3,All Days
181/4,Week Days
182/1,All Days
190/1,All Days
195/1,All Days
195/2,All Days
195/3,All Days
195/5,All Days
195/7,Week Days
196/1,All Days
197/1,All Days
19E/1,Week Days
2/11,Week Days
2/12,All Days
2/13,Saturday
2/14,All Days
2/16,Holiday
2/1,All Days
2/3,All Days
2/4,Week Days
2/5,Holiday
2/7,Week Days
2/8,All Days
2/9,All Days
20/2,Week Days
20/5,Week Days
201/10,All Days
201/11,All Days
201/12,All Days
201/13,All Days
201/14,All Days
201/15,All Days
201/16,All Days
201/17,All Days
201/18,All Days
201/1,All Days
201/20,All Days
201/21,All Days
201/22,Week Days
201/23,All Days
201/24,Holiday
201/25,Week Days
201/27,Week Days
201/28,All Days
201/2,All Days
201/3,All Days
201/4,All Days
201/5,All Days
201/6,All Days
201/7,All Days
201/8,All Days
201/9,All Days
201B/1,All Days
201C/1,All Days
201D/1,All Days
201E/1,All Days
201G/1,All Days
201H/2,Holiday
201HA/1,All Days
201J/10,Week Days
201J/11,Holiday
201J/12,All Days
201J/13,All Days
201J/3,Holiday
201J/4,Holiday
201J/5,All Days
201J/6,All Days
201J/7,All Days
201K/1,All Days
201K/2,Week Days
201L/2,All Days
201M/1,All Days
201M/2,All Days
201M/3,Holiday
201M/4,All Days
201M/5,All Days
201M/6,Week Days
201M/7,Holiday
201M/8,All Days
201MA/5,All Days
201MA/6,All Days
201MD/1,All Days
201MD/4,Week Days
201MD/5,Holiday
201MD/6,All Days
201MJ/1,All Days
201N/1,All Days
201N/2,All Days
201P/1,All Days
201Q/1,All Days
201Q/2,All Days
201RB/1,Holiday
201S/1,All Days
201U/3,Week Days
201U/5,All Days
201U/6,All Days
201V/1,Holiday
201V/2,Holiday
202/1,Holiday
202A/2,Week Days
202E/2,Week Days
21/1,All Days
21/3,All Days
210/1,All Days
210/2,All Days
210A/1,Week Days
210A/2,Holiday
210A/3,Holiday
210A/4,All Days
210A/5,All Days
210C/1,All Days
210D/1,All Days
210E/1,All Days
210E/2,All Days
210E/3,All Days
210E/5,All Days
210FA/1,All Days
210G/1,All Days
210G/2,All Days
210G/3,All Days
210G/4,All Days
210H/1,All Days
210I/1,All Days
210J/1,All Days
210J/2,All Days
210J/3,All Days
210K/1,All Days
210KA/2,All Days
210N/11,All Days
210N/12,All Days
210N/1,All Days
210N/2,All Days
210N/3,All Days
210N/5,All Days
210N/7,All Days
210N/8,All Days
210N/9,All Days
210NA/1,All Days
210NA/2,All Days
210NB/1,All Days
210ND/1,All Days
210NG/2,All Days
210P/10,All Days
210P/12,All Days
210P/14,All Days
210P/1,All Days
210P/2,All Days
210P/3,All Days
210P/4,All Days
210P/5,All Days
210P/7,All Days
210P/8,All Days
210P/9,All Days
210Q/1,All Days
210Q/3,All Days
210Q/4,All Days
210R/1,All Days
210R/2,All Days
210R/3,All Days
210R/4,All Days
210R/5,All Days
210T/1,All Days
210T/3,Week Days
210U/1,All Days
210U/2,All Days
210U/3,All Days
210U/5,All Days
210V/1,All Days
210V/2,All Days
210V/3,Week Days
210W/2,All Days
210WA/1,All Days
210Z/1,All Days
210Z/2,All Days
210ZA/1,Week Days
211/1,All Days
211/4,All Days
211A/1,All Days
211AA/1,All Days
211B/1,All Days
211C/1,All Days
211C/2,All Days
211D/1,All Days
211DA/1,All Days
211E/1,All Days
211G/1,All Days
211H/1,All Days
211H/2,All Days
211J/1,All Days
211K/1,All Days
211L/1,All Days
211M/1,All Days
211N/1,All Days
211N/2,All Days
211Q/1,All Days
211R/1,All Days
211RA/1,All Days
211T/1,All Days
211U/1,Holiday
212/1,All Days
212/2,All Days
212B/1,All Days
212D/1,All Days
212F/1,All Days
212G/1,All Days
212M/2,All Days
213/1,Week Days
213/2,All Days
213/3,All Days
213A/1,All Days
213C/1,All Days
213D/1,All Days
213DA/1,All Days
213DB/1,All Days
213DC/1,All Days
213E/1,All Days
213F/1,All Days
213FA/1,All Days
213H/1,All Days
213H/2,All Days
213J/1,All Days
213K/1,All Days
213K/2,All Days
213K/3,All Days
213L/1,All Days
213M/1,All Days
213N/1,All Days
213P/1,All Days
213P/2,All Days
213Q/1,All Days
213R/1,All Days
213T/1,All Days
214/1,All Days
214/2,All Days
214/3,All Days
214A/1,All Days
214B/1,All Days
214D/1,All Days
214D/3,All Days
214DA/1,All Days
214E/1,All Days
214E/2,All Days
214F/1,All Days
214G/1,All Days
214G/2,All Days
214H/1,All Days
214H/2,All Days
214J/1,All Days
214K/1,All Days
214L/1,All Days
215/1,Week Days
215/2,All Days
215/3,All Days
215/4,All Days
215/5,All Days
215A/2,All Days
215A/5,All Days
215A/7,Week Days
215AB/2,All Days
215B/10,All Days
215B/3,All Days
215B/4,All Days
215B/5,All Days
215B/7,Week Days
215B/8,All Days
215B/9,All Days
215BA/1,All Days
215BA/2,All Days
215BB/1,All Days
215C/1,All Days
215C/2,Holiday
215C/3,All Days
215C/4,All Days
215C/5,Week Days
215C/6,Week Days
215C/7,All Days
215CA/1,All Days
215CA/2,All Days
215CA/3,All Days
215CA/4,All Days
215CA/6,All Days
215CA/9,Holiday
215CC/1,All Days
215CD/1,All Days
215D/1,All Days
215E/1,All Days
215E/2,All Days
215F/1,All Days
215F/2,All Days
215H/11,All Days
215H/12,All Days
215H/1,Week Days
215H/2,All Days
215H/3,All Days
215H/4,All Days
215H/5,All Days
215H/6,Holiday
215H/8,All Days
215H/9,All Days
215HA/2,All Days
215HB/1,All Days
215HB/2,All Days
215HC/1,All Days
215HC/2,All Days
215J/2,All Days
215J/3,All Days
215K/1,All Days
215K/2,All Days
215K/3,All Days
215K/4,All Days
215K/5,All Days
215K/6,All Days
215K/8,All Days
215M/2,All Days
215M/3,All Days
215MB/1,Week Days
215N/1,All Days
215N/2,All Days
215N/4,All Days
215N/5,All Days
215NA/1,All Days
215NB/1,All Days
215NC/1,All Days
215P/1,All Days
215R/1,All Days
215T/1,All Days
215W/4,All Days
215X/1,All Days
215Y/1,All Days
215Z/1,All Days
215Z/2,All Days
216/1,All Days
216A/1,All Days
216B/1,All Days
217,All Days
217D/1,All Days
217D/2,All Days
217E/1,All Days
218/1,All Days
218A/1,All Days
219/1,All Days
22/1,All Days
220D/1,All Days
220D/2,All Days
220E/1,All Days
221/1,All Days
221B/1,All Days
221C/1,All Days
221D/1,All Days
221D/3,Week Days
221E/1,All Days
221F/1,All Days
221G/1,All Days
221J/1,All Days
221L/1,All Days
222/1,All Days
222/2,Week Days
222A/11,All Days
222A/12,Holiday
222A/13,Week Days
222A/14,Holiday
222A/15,All Days
222A/2,Saturday
222A/3,All Days
222A/5,All Days
222A/6,Saturday
222A/7,All Days
222A/8,Week Days
222A/9,All Days
222C/1,All Days
222F/1,All Days
222F/2,School Holiday
222K/1,All Days
222K/2,All Days
222K/3,All Days
222N/1,All Days
222N/2,All Days
222N/3,All Days
222N/4,All Days
223A/1,All Days
223A/2,All Days
223D/1,All Days
223D/2,All Days
223D/3,All Days
223D/4,All Days
223D/5,All Days
223E/1,All Days
223E/2,All Days
223F/1,All Days
223H/1,All Days
223J/1,All Days
223L/1,All Days
223L/2,All Days
223P/1,All Days
223PA/1,All Days
224/1,All Days
224A/1,All Days
224C/1,All Days
224DA/1,All Days
224E/1,All Days
225/1,Holiday
225/2,Week Days
225AB/1,All Days
225B/1,All Days
225C/11,All Days
225C/12,Holiday
225C/1,All Days
225C/2,All Days
225C/3,All Days
225C/4,All Days
225C/5,Week Days
225C/6,All Days
225C/7,Week Days
225C/8,All Days
225C/9,All Days
225CB/1,All Days
225CF/1,All Days
225D/1,Week Days
225D/2,Week Days
225DA/1,All Days
225DA/2,Holiday
225F/2,All Days
225G/1,All Days
225G/2,All Days
225H/1,All Days
225K/1,All Days
225K/3,Week Days
226/1,All Days
226A/1,All Days
226B/1,All Days
226C/1,All Days
226C/2,All Days
226D/1,All Days
226E/1,All Days
226F/1,All Days
226G/1,All Days
226H/1,All Days
226J/1,All Days
226K/1,All Days
226L/1,All Days
226M/10,Week Days
226M/11,Week Days
226M/12,All Days
226M/13,All Days
226M/14,All Days
226M/15,All Days
226M/1,All Days
226M/2,All Days
226M/3,All Days
226M/8,All Days
226M/9,All Days
226MB/1,All Days
226N/10,Week Days
226N/11,Week Days
226N/12,Week Days
226N/13,All Days
226N/14,All Days
226N/15,All Days
226N/16,All Days
226N/17,All Days
226N/18,All Days
226N/19,All Days
226N/1,All Days
226N/2,All Days
226N/3,Week Days
226N/4,All Days
226N/5,All Days
226N/6,All Days
226N/7,All Days
226N/8,All Days
226N/9,All Days
226NA/1,All Days
226NB/1,All Days
226P/1,All Days
226Q/1,All Days
226R/1,All Days
226S/1,All Days
226SB/1,All Days
226T/1,All Days
226V/1,All Days
226VA/1,All Days
226VB/1,All Days
226VC/1,All Days
226Y/1,All Days
227/1,Week Days
227A/1,All Days
227A/2,All Days
227B/1,All Days
227BA/1,All Days
227C/1,All Days
227D/1,All Days
227E/1,All Days
227F/1,All Days
227G/1,All Days
227H/1,All Days
227J/1,All Days
227K/1,All Days
227L/1,All Days
227M/1,All Days
227N/1,All Days
227N/2,All Days
227NA/1,All Days
227P/1,All Days
227Q/1,All Days
227RC/1,All Days
227S/1,All Days
227T/1,All Days
227U/1,All Days
227UB/1,All Days
227V/1,All Days
227VB/1,All Days
227W/1,All Days
227Y/1,All Days
227Y/2,All Days
227Z/1,All Days
228/1,All Days
228A/1,All Days
228A/2,All Days
228B/1,All Days
228B/3,All Days
228C/1,All Days
228E/1,All Days
228F/1,All Days
228G/1,All Days
228H/1,All Days
228J/1,All Days
228K/1,All Days
229/1,All Days
229/2,All Days
22A/1,All Days
23/1,Week Days
230/1,All Days
230A/1,All Days
230B/1,Week Days
231/1,All Days
231A/1,All Days
231B/1,All Days
231C/1,All Days
231D/1,All Days
231E/1,All Days
231F/1,All Days
231G/1,All Days
231H/1,All Days
231J/1,All Days
231M/1,All Days
231P/1,All Days
234/1,All Days
234/2,All Days
234A/1,All Days
234A/4,Holiday
234A/5,All Days
234A/6,All Days
234A/7,All Days
234A/9,Week Days
234C/1,All Days
234E/1,All Days
234E/2,All Days
234E/3,All Days
234E/4,Week Days
234E/6,All Days
234E/7,Holiday
234E/8,All Days
234F/1,Week Days
235/1,Holiday
235/2,Holiday
235A/2,Holiday
235AA/1,All Days
235AA/2,Saturday
235AA/3,Holiday
235AA/4,Week Days
235B/1,All Days
235D/1,All Days
235E/1,All Days
235F/1,All Days
235H/1,All Days
235J/1,All Days
235K/1,All Days
235K/2,All Days
235M/1,All Days
235P/1,All Days
235Q/1,All Days
235s/1,Week Days
237/1,All Days
237C/1,All Days
237D/1,Saturday
237J/1,All Days
238/4,All Days
238/5,Holiday
238/6,All Days
238A/2,All Days
238AB/1,All Days
238B/2,Week Days
238C/1,Week Days
238C/2,All Days
238C/3,Week Days
238F/1,All Days
238L/1,All Days
238S/1,All Days
238S/2,All Days
238SA/1,All Days
238SA/2,All Days
238U/10,Holiday
238U/11,Week Days
238U/12,Holiday
238U/1,Holiday
238U/2,Saturday
238U/3,Week Days
238U/4,Holiday
238U/5,All Days
238U/6,Week Days
238U/7,All Days
238U/8,Holiday
238U/9,Week Days
238UB/3,Week Days
238V/3,Week Days
238VA/1,All Days
238VR/1,All Days
238VR/2,All Days
238W/1,All Days
238Z/1,All Days
238ZA/1,Week Days
238ZA/2,Holiday
238ZA/3,Holiday
239B/1,All Days
240/1,All Days
240/2,All Days
240A/1,All Days
240BA/1,All Days
240C/1,All Days
240C/2,All Days
240D/1,All Days
240DA/1,All Days
240E/1,All Days
240F/1,All Days
240H/1,All Days
240J/1,All Days
240K/1,All Days
240M/2,All Days
240N/1,All Days
240P/1,All Days
240R/1,All Days
241/1,All Days
241/2,All Days
241A/1,All Days
241B/1,All Days
241B/2,All Days
241B/3,All Days
241C/3,All Days
241C/4,All Days
241CB/1,All Days
241D/1,All Days
241D/2,Week Days
241E/1,All Days
241H/1,All Days
241H/2,All Days
241H/3,All Days
241K/1,All Days
241M/1,All Days
241N/1,All Days
241P/1,All Days
241Q/1,All Days
241S/2,All Days
241S/4,All Days
242/1,All Days
242/2,All Days
242/3,Week Days
242/4,Week Days
242B/1,All Days
242B/2,All Days
242B/3,All Days
242B/4,All Days
242B/5,Holiday
242B/6,All Days
242B/7,Week Days
242BA/1,All Days
242CB/1,All Days
242CB/2,All Days
242F/1,All Days
242FA/1,All Days
242FB/1,All Days
242G/1,Holiday
242H/1,All Days
242J/1,All Days
242JA/1,All Days
242JK/1,All Days
242L/1,All Days
242LA/1,All Days
242M/1,All Days
242MA/1,All Days
242N/1,All Days
242P/1,All Days
242PA/1,All Days
242Q/1,All Days
242R/1,All Days
242RA/1,All Days
242T/1,All Days
242TA/1,All Days
242TB/1,All Days
242TC/1,All Days
242TE/1,All Days
242U/1,All Days
242V/1,All Days
242VA/1,All Days
242W/1,All Days
242X/1,All Days
242Y/1,All Days
242Z/1,All Days
242ZB/1,All Days
242ZC/1,All Days
242ZD/1,All Days
243/1,All Days
243/3,All Days
243/4,All Days
243A/1,All Days
243B/2,All Days
243C/2,All Days
243D/1,All Days
243D/2,All Days
243D/4,All Days
243F/1,All Days
243G/1,All Days
243H/1,All Days
243J/1,All Days
243J/2,Holiday
243M/1,All Days
244A/2,Week Days
244C/1,Week Days
244C/3,Holiday
244C/5,All Days
244E/1,Saturday
244F/1,All Days
244H/1,All Days
245/1,All Days
245B/1,All Days
245C/1,All Days
245D/1,All Days
245D/2,All Days
245DA/2,All Days
245E/1,All Days
245F/1,All Days
245GA/1,All Days
245H/1,All Days
245J/1,All Days
245K/1,All Days
245M/2,Week Days
245MA/1,All Days
245N/1,All Days
245Q/1,All Days
245R/1,All Days
246/1,All Days
246/2,All Days
247/1,All Days
248/10,All Days
248/11,All Days
248/12,All Days
248/13,All Days
248/14,All Days
248/15,All Days
248/16,All Days
248/17,All Days
248/19,All Days
248/1,All Days
248/20,All Days
248/21,All Days
248/23,All Days
248/24,All Days
248/25,All Days
248/26,All Days
248/27,All Days
248/29,All Days
248/2,All Days
248/30,All Days
248/31,All Days
248/32,All Days
248/33,Week Days
248/4,All Days
248/5,All Days
248/8,All Days
248/9,All Days
248A/2,All Days
248AN/1,All Days
248B/2,All Days
248BA/3,Week Days
248BA/4,Week Days
248BA/5,All Days
248BB/3,All Days
248BB/4,All Days
248BB/5,All Days
248C/1,All Days
248D/1,All Days
248F/1,All Days
248F/3,All Days
248G/1,Week Days
248G/2,Holiday
248G/3,Holiday
248G/4,All Days
248G/5,All Days
248G/6,All Days
248G/8,Week Days
248HA/1,All Days
248L/1,All Days
248M/1,All Days
248N/1,Week Days
248N/2,All Days
248N/3,Week Days
248N/4,All Days
248N/5,All Days
248P/1,All Days
248PS/1,All Days
248R/1,Week Days
248R/2,All Days
248T/1,All Days
248U/1,All Days
248V/2,All Days
248Y/1,All Days
248Z/1,All Days
24A/2,All Days
24A/3,All Days
24B/1,Holiday
24E/2,Holiday
24F/1,All Days
24H/1,All Days
25/2,All Days
25/4,Week Days
250/1,All Days
250AA/1,All Days
250AB/1,All Days
250AB/3,All Days
250AC/2,All Days
250AC/3,All Days
250AC/4,All Days
250AC/5,All Days
250AC/6,All Days
250AD/1,All Days
250AD/3,All Days
250B/1,All Days
250B/2,All Days
250CA/1,All Days
250CC/1,All Days
250D/1,All Days
250DA/1,All Days
250DA/3,All Days
250DT/1,All Days
250E/1,All Days
250H/1,All Days
250M/1,All Days
250N/1,All Days
250P/1,All Days
250P/2,All Days
250P/3,Week Days
250P/4,Holiday
250P/5,All Days
250P/6,All Days
250P/7,Week Days
250P/8,Holiday
250P/9,Week Days
250S/1,All Days
250SA/2,All Days
250SB/1,All Days
250TD/1,All Days
250V/1,All Days
250W/1,All Days
250Z/1,All Days
251/1,All Days
251C/2,All Days
251C/3,All Days
251C/4,All Days
251D/1,All Days
251E/2,All Days
251E/3,All Days
251E/4,All Days
251E/6,All Days
251G/1,All Days
251M/1,All Days
252/11,All Days
252/12,All Days
252/13,All Days
252/15,All Days
252/16,All Days
252/1,Week Days
252/2,Holiday
252/4,All Days
252/5,All Days
252/6,Holiday
252/9,All Days
252A/10,Holiday
252A/11,Holiday
252A/13,Holiday
252A/14,All Days
252A/15,All Days
252A/2,All Days
252A/4,All Days
252A/8,All Days
252A/9,All Days
252D/1,All Days
252D/2,Holiday
252E/10,All Days
252E/1,All Days
252E/2,Holiday
252E/3,All Days
252E/4,All Days
252E/5,Holiday
252E/8,All Days
252E/9,All Days
252F/11,All Days
252F/12,All Days
252F/13,All Days
252F/14,All Days
252F/15,All Days
252F/16,All Days
252F/17,All Days
252F/1,All Days
252F/20,All Days
252F/22,All Days
252F/2,All Days
252F/3,All Days
252F/4,All Days
252F/8,All Days
252F/9,All Days
252FA/2,All Days
252FB/1,All Days
252FC/1,All Days
252G/1,Holiday
252GA/1,All Days
252H/1,All Days
252H/2,All Days
252H/3,All Days
252H/4,All Days
252L/1,All Days
252R/1,All Days
253/2,All Days
253A/1,All Days
253C/1,Week Days
253D/1,All Days
253F/1,Holiday
253G/1,All Days
253G/2,All Days
253H/1,All Days
253HC/1,Holiday
253HE/1,All Days
253J/1,All Days
253J/2,Week Days
253J/3,All Days
253J/4,All Days
253J/5,All Days
253K/2,All Days
253K/3,All Days
253L/1,All Days
253M/1,All Days
253P/1,All Days
253R/1,All Days
253V/1,All Days
253W/1,All Days
254A/1,All Days
254A/3,All Days
254B/1,All Days
254C/1,All Days
254D/1,All Days
254E/1,All Days
255A/1,All Days
255B/1,All Days
255C/1,All Days
255E/1,All Days
255E/3,All Days
255H/1,All Days
255J/1,All Days
255L/1,All Days
255N/1,All Days
256B/1,All Days
256C/1,All Days
256F/2,All Days
256K/1,All Days
256M/1,All Days
256MA/1,All Days
257C/1,All Days
257D/1,All Days
257E/1,All Days
257H/1,All Days
258/1,All Days
258/2,All Days
258/3,All Days
258/4,All Days
258/9,All Days
258A/1,All Days
258AB/1,All Days
258B/3,Holiday
258B/4,All Days
258BN/1,Holiday
258BN/2,All Days
258C/10,All Days
258C/12,All Days
258C/17,All Days
258C/1,All Days
258C/3,All Days
258C/5,All Days
258C/6,All Days
258C/8,All Days
258CB/2,Holiday
258CB/5,All Days
258CB/9,Week Days
258CC/2,All Days
258CC/3,All Days
258CC/4,All Days
258E/2,All Days
258F/1,All Days
258G/1,All Days
258GA/1,All Days
258K/1,All Days
258M/2,All Days
258M/3,All Days
258MA/1,All Days
258Q/1,All Days
258QA/1,All Days
258R/1,All Days
258S/1,All Days
258SA/1,All Days
258SB/1,All Days
258SD/1,All Days
258TA/1,All Days
258TC/1,All Days
258U/1,All Days
258VA/1,All Days
258VB/1,All Days
258VC/1,All Days
258VF/1,All Days
258VG/1,All Days
258WA/1,All Days
258Y/1,All Days
259B/1,All Days
25A/10,All Days
25A/1,All Days
25A/2,All Days
25A/5,All Days
25A/6,All Days
25A/8,Holiday
25A/9,Holiday
25B/1,All Days
25B/2,Holiday
25B/3,All Days
25C/1,All Days
25E/1,Week Days
25E/2,Holiday
25E/3,Week Days
25E/4,All Days
25G/1,Holiday
25G/2,Holiday
25G/3,All Days
25G/4,All Days
25H/1,Week Days
25J/1,Week Days
25N/1,All Days
263/1,All Days
263/2,All Days
263A/1,All Days
263A/2,All Days
263C/1,All Days
263D/1,All Days
263E/1,All Days
263K/1,All Days
264/2,All Days
264A/2,All Days
264A/3,All Days
264A/4,All Days
265/10,All Days
265/11,Week Days
265/12,All Days
265/13,All Days
265/14,All Days
265/15,All Days
265/1,All Days
265/2,All Days
265/3,All Days
265/4,All Days
265/5,All Days
265/6,All Days
265/8,All Days
265/9,All Days
265A/11,All Days
265A/12,All Days
265A/13,All Days
265A/1,All Days
265A/2,All Days
265A/3,All Days
265A/4,All Days
265A/5,All Days
265A/6,All Days
265A/7,All Days
265A/8,All Days
265A/9,All Days
265D/1,Holiday
266/2,All Days
266A/1,All Days
266B/1,All Days
266C/1,All Days
266D/1,All Days
266E/1,All Days
266F/1,All Days
266G/1,All Days
266J/1,All Days
266K/1,All Days
266M/1,All Days
266N/1,All Days
266Q/1,All Days
266R/1,All Days
266T/2,All Days
266T/3,All Days
267/1,All Days
268/1,All Days
269/1,All Days
269/2,All Days
269A/1,All Days
269B/3,Week Days
27/1,All Days
27/2,All Days
270/2,All Days
270/3,All Days
270/4,All Days
270/5,All Days
270A/1,All Days
270A/2,All Days
270D/2,All Days
270E/2,All Days
270HA/2,All Days
270HA/3,All Days
270S/1,Week Days
271/1,All Days
271A/1,All Days
271A/2,All Days
271A/3,All Days
271A/4,All Days
271B/1,All Days
271B/2,Week Days
271C/1,All Days
271C/2,All Days
271D/1,All Days
271D/3,All Days
271E/1,All Days
271F/1,All Days
271F/2,All Days
271G/1,All Days
271K/2,All Days
271N/1,All Days
271P/1,All Days
271Q/1,All Days
271Q/2,All Days
271Q/3,All Days
271Q/4,All Days
271R/1,All Days
271R/2,All Days
271R/3,All Days
271R/4,All Days
271R/5,All Days
271T/1,All Days
271T/2,All Days
271TA/1,All Days
272E/1,All Days
273/1,All Days
273/3,All Days
273/4,All Days
273/5,All Days
273/6,All Days
273/9,All Days
273B/1,All Days
273B/2,All Days
273B/3,All Days
273C/10,All Days
273C/11,All Days
273C/1,Week Days
273C/2,Holiday
273C/3,All Days
273C/4,All Days
273C/5,All Days
273C/6,All Days
273C/7,All Days
273C/8,All Days
273C/9,All Days
273F/1,All Days
273F/2,All Days
273H/2,Week Days
273J/1,All Days
275B/4,All Days
275C/3,Week Days
276/10,All Days
276/11,All Days
276/12,All Days
276/13,All Days
276/14,All Days
276/16,Saturday
276/17,All Days
276/18,All Days
276/19,All Days
276/1,All Days
276/20,All Days
276/21,Holiday
276/23,Holiday
276/24,Holiday
276/25,Holiday
276/26,All Days
276/27,Holiday
276/28,Holiday
276/2,All Days
276/3,All Days
276/4,All Days
276/6,All Days
276/7,All Days
276/8,All Days
276/9,All Days
276A/1,All Days
276A/2,All Days
276A/4,All Days
276A/5,All Days
276B/2,All Days
276C/1,All Days
276C/2,All Days
276D/1,All Days
276E/1,All Days
276E/2,Holiday
276K/1,All Days
276N/2,Week Days
276P/1,All Days
277/1,All Days
278/2,All Days
278B/1,Week Days
278E/1,All Days
278E/3,All Days
278E/4,Week Days
278E/5,All Days
278E/6,All Days
278E/7,Holiday
278E/8,Week Days
278K/1,All Days
279/1,All Days
279/2,All Days
279A/1,All Days
279A/4,Holiday
279E/1,Holiday
279E/2,All Days
279E/4,All Days
279E/5,All Days
279E/7,All Days
279E/9,All Days
279F/1,All Days
279H/1,All Days
279H/2,Holiday
279J/1,Holiday
279K/1,All Days
27A/1,All Days
27E/1,Week Days
27E/2,All Days
27E/3,All Days
28/1,Holiday
280/1,All Days
280A/1,All Days
280A/2,All Days
280A/3,All Days
280C/1,Holiday
280E/1,All Days
280F/1,All Days
280F/2,All Days
280F/3,All Days
280F/4,All Days
280K/1,All Days
280L/1,All Days
281/1,All Days
281A/1,All Days
281C/1,Week Days
281F/1,All Days
281G/1,All Days
282/1,All Days
282A/1,All Days
282A/2,All Days
282B/1,All Days
282B/2,All Days
282C/1,All Days
282D/1,Week Days
282F/1,All Days
282G/1,All Days
282H/1,All Days
283/1,All Days
283A/1,All Days
283B/1,All Days
283D/1,All Days
283E/1,All Days
284/1,Week Days
284/2,All Days
284/5,All Days
284/6,Holiday
284/7,All Days
284A/1,Week Days
284A/3,All Days
284D/11 ,All Days
284D/12,All Days
284D/14,Week Days
284D/16,All Days
284D/17,Holiday
284D/18,All Days
284D/1,Holiday
284D/2,All Days
284D/3,All Days
284D/4,Week Days
284D/6,All Days
284D/7,Holiday
284D/8,Week Days
284E/1,Week Days
284G/1,All Days
284H/1,All Days
285/1,All Days
285/2,All Days
285A/1,All Days
285AA/1,Holiday
285B/1,All Days
285B/2,All Days
285C/1,All Days
285CA/1,All Days
285CB/1,All Days
285CC/1,All Days
285D/1,All Days
285DA/1,Week Days
285E/1,All Days
285F/1,All Days
285G/1,All Days
285H/1,All Days
285J/1,All Days
285JB/1,All Days
285JC/1,All Days
285JE/1,All Days
285K/1,All Days
285KA/1,All Days
285L/1,All Days
285M/10,All Days
285M/11,All Days
285M/12,All Days
285M/13,All Days
285M/14,All Days
285M/16,All Days
285M/17,All Days
285M/18,Holiday
285M/1,All Days
285M/20,Week Days
285M/2,Holiday
285M/3,All Days
285M/4,Holiday
285M/6,All Days
285M/7,All Days
285M/8,All Days
285M/9,All Days
285MA/10,All Days
285MA/11,All Days
285MA/12,All Days
285MA/13,All Days
285MA/14,All Days
285MA/1,All Days
285MA/2,All Days
285MA/3,All Days
285MA/4,All Days
285MA/5,All Days
285MA/6,All Days
285MA/7,All Days
285MA/8,All Days
285MA/9,All Days
285MC/1,Week Days
285MC/2,Week Days
285MC/3,All Days
285MC/4,All Days
285MC/5,All Days
285ME/1,All Days
285ME/2,All Days
285MF/2,All Days
285MF/3,All Days
285MG/1,All Days
285MK/3,All Days
285MP/1,All Days
285N/1,All Days
285P/1,All Days
285R/1,All Days
285RB/1,All Days
285T/1,All Days
285V/1,All Days
285W/1,All Days
285X/1,All Days
285Y/1,All Days
286/1,All Days
286/3,Holiday
286A/1,All Days
286A/2,Week Days
286B/2,All Days
286D/1,All Days
286D/2,All Days
286E/1,All Days
286F/1,All Days
286F/2,All Days
286G/1,All Days
286H/1,All Days
287A/1,All Days
287A/3,Holiday
287C/1,All Days
287E/1,Week Days
287F/1,All Days
287H/1,All Days
287J/2,Holiday
287K/1,All Days
287L/1,All Days
287M/1,All Days
287N/1,All Days
287P/1,All Days
287R/1,Week Days
287T/1,All Days
288/1,All Days
288/2,All Days
288/4,All Days
288/6,All Days
288A/1,All Days
288A/3,All Days
288A/4,Week Days
288B/1,Holiday
288C/1,All Days
288D/1,All Days
288D/2,Week Days
288D/3,Week Days
288D/4-Weekday,Holiday
288E/1,Holiday
288F/2,Holiday
288G/1,Holiday
288H/2,All Days
288H/3,All Days
288H/4,All Days
288H/5,All Days
289/1,All Days
289A/1,Week Days
289A/2,All Days
289A/3,All Days
289AB/1,All Days
289B/1,All Days
289C/1,All Days
289CA/1,All Days
289E/1,All Days
289E/2,All Days
289F/1,All Days
289F/2,All Days
289F/3,All Days
289H/1,All Days
289K/1,All Days
289L/1,All Days
289L/2,All Days
289LA/1,All Days
289M/1,All Days
289P/1,All Days
289Z/1,All Days
29/1,Holiday
29/3,All Days
290/1,All Days
290/3,All Days
290/5,All Days
290/7,All Days
290/8,Week Days
290A/1,All Days
290A/2,All Days
290AA/1,All Days
290B/1,All Days
290B/2,All Days
290B/4,All Days
290B/5,All Days
290C/2,Week Days
290C/4,All Days
290C/6,Week Days
290D/1,All Days
290E/10,All Days
290E/11,All Days
290E/12,All Days
290E/13,All Days
290E/14,All Days
290E/15,All Days
290E/16,All Days
290E/17,All Days
290E/18,All Days
290E/19,All Days
290E/1,All Days
290E/20,All Days
290E/21,All Days
290E/22,All Days
290E/23,All Days
290E/24,All Days
290E/25,All Days
290E/26,All Days
290E/27,All Days
290E/28,All Days
290E/29,All Days
290E/2,All Days
290E/30,Holiday
290E/31,Holiday
290E/3,All Days
290E/4,All Days
290E/5,All Days
290E/6,All Days
290E/7,All Days
290E/8,All Days
290E/9,Week Days
290EA/1,All Days
290EA/2,All Days
290EB/1,All Days
290EB/2,All Days
290F/2,All Days
290F/3,Week Days
290F/5,Week Days
290F/6,Holiday
290H/1,All Days
290-HA/1,All Days
290J/2,Week Days
290KA/1,All Days
290L/1,All Days
290M/1,Week Days
290N/1,All Days
290N/2,All Days
290P/3,All Days
290P/4,All Days
290Q/3,All Days
290Q/4,All Days
290QA/1,All Days
290R/1,All Days
290R/2,All Days
290RA/1,All Days
290S/1,All Days
290T/1,All Days
290T/2,All Days
290T/3,All Days
290Y/4,Week Days
290Z/1,All Days
291/1,All Days
291A/1,All Days
291A/2,All Days
291D/1,All Days
291D/2,All Days
291D/3,All Days
291D/4,All Days
291D/5,All Days
291D/6,All Days
291D/8,Holiday
291E/3,All Days
291G/1,All Days
291G/2,All Days
291G/3,Holiday
291H/1,All Days
291H/2,All Days
291H/5,Week Days
291H/6,All Days
291H/7,Week Days
291J/2,All Days
291J/3,All Days
291J/4,All Days
291J/6,All Days
291J/7,All Days
291J/9,All Days
291K/1,All Days
291L/1,All Days
291M/2,All Days
291M/3,All Days
291N/1,All Days
291N/2,All Days
291P/1,Week Days
291R/1,All Days
291R/2,All Days
292/1,All Days
292B/1,All Days
292C/1,All Days
292C/2,All Days
292C/3,Week Days
292D/1,All Days
292E/1,All Days
293/1,All Days
293A/1,All Days
293B/1,All Days
293C/2,All Days
293C/3,Holiday
293D/1,All Days
293E/1,All Days
293F/1,All Days
293G/1,All Days
293H/1,All Days
293J/1,All Days
293L/1,All Days
293M/1,All Days
293P/1,All Days
293R/1,Week Days
293S/1,All Days
293S/2,All Days
293S/3,All Days
293S/4,Holiday
294/1,All Days
294A/1,All Days
294B/1,All Days
294C/1,All Days
294C/2,All Days
294D/1,All Days
294E/1,All Days
294F/1,All Days
294H/1,All Days
295/1,All Days
295/2,All Days
295A/1,All Days
295B/1,All Days
295C/1,All Days
295D/1,All Days
295E/1,All Days
295G/1,All Days
296/1,Holiday
296A/1,All Days
296B/1,All Days
296B/2,All Days
296B/3,Holiday
296C/1,All Days
296C/3,Week Days
296D/1,All Days
296F/1,All Days
296M/1,All Days
296M/2,All Days
296N/1,All Days
296Q/1,All Days
296T/1,Holiday
296V/1,Week Days
297/1,All Days
297A/1,All Days
297B/1,All Days
297F/1,All Days
297G/1,All Days
297H/1,All Days
298B/2,Holiday
298C/1,All Days
298E/1,All Days
298H/1,Holiday
298M/10,All Days
298M/11,All Days
298M/12,All Days
298M/13,All Days
298M/15,All Days
298M/16,All Days
298M/17,All Days
298M/19,All Days
298M/1,All Days
298M/20,All Days
298M/21,Week Days
298M/3,All Days
298M/5,All Days
298M/7,Week Days
298M/8,All Days
298M/9,All Days
298MA/1,All Days
298MB/1,All Days
298MC/1,All Days
298ME/1,All Days
298ME/2,All Days
298MG/1,All Days
298MH/1,All Days
298MK/1,All Days
298MS/1,All Days
298P/1,All Days
298P/2,All Days
298P/3,All Days
298P/4,All Days
298P/5,All Days
298P/7,All Days
298P/8,All Days
298P/9,All Days
298PA/1,All Days
298PB/1,All Days
298PC/1,All Days
298PD/1,All Days
298Y/1,All Days
299/1,All Days
299E/1,All Days
29A/1,Holiday
29B/1,All Days
29E/1,All Days
2A/1,All Days
2A/2,All Days
2A/3,All Days
2D/3,All Days
2D/4,All Days
2E/4,All Days
2E/8,All Days
2E/9,All Days
300/1,All Days
300A/1,All Days
300B/1,All Days
300B/2,Week Days
300C/4,All Days
300D/1,Holiday
300D/3,All Days
300DA/1,Saturday
300E/10,All Days
300E/11,Week Days
300E/12,All Days
300E/15,All Days
300E/16,All Days
300E/18,Holiday
300E/19,Week Days
300E/1,All Days
300E/2,All Days
300E/4,All Days
300E/6,All Days
300E/7,All Days
300E/8,All Days
300E/9,All Days
300F/1,All Days
300F/2,All Days
300H/1,All Days
300H/2,All Days
300H/3,All Days
300H/4,All Days
300H/5,Holiday
300H/7,Week Days
300L/1,All Days
300P/1,All Days
300T/1,All Days
300V/2,All Days
301/1,All Days
301/2,All Days
301A/2,All Days
301D/2,All Days
301E/3,All Days
301E/4,All Days
301F/2,All Days
301G/1,Week Days
301R/1,All Days
302/4,All Days
302/5,All Days
302A/2,All Days
302B/1,Week Days
302B/2,All Days
302B/5,Holiday
302B/6,Holiday
302C/1,All Days
302C/2,Holiday
302D/1,All Days
302D/2,Holiday
302D/4,Week Days
302D/5,Week Days
302E/1,All Days
302F/1,All Days
302F/2,All Days
302F/3,All Days
302F/5,All Days
302G/1,All Days
302G/3,All Days
302GA/1,All Days
302H/1,Holiday
302J/1,All Days
302M/2,All Days
302N/1,Holiday
302N/2,Week Days
303/1,Week Days
303A/1,All Days
303C/1,All Days
303E/1,All Days
303E/2,All Days
303G/2,All Days
304/1,All Days
304A/1,All Days
304B/2,All Days
304C/1,All Days
304D/1,All Days
304E/2,All Days
304H/1,All Days
304K/5,All Days
304K/6,All Days
304K/7,All Days
304L/1,All Days
304M/1,All Days
304MC/1,All Days
304N/1,All Days
304V/1,All Days
304V/2,All Days
304V/3,All Days
304X/1,All Days
304Z/1,All Days
305A/1,All Days
305D/1,All Days
305D/4,All Days
305D/6,All Days
305D/7,Week Days
305F/2,Holiday
305G/1,All Days
305J/3,All Days
305K/1,All Days
305M/1,All Days
305N/1,All Days
305NT/1,All Days
305P/1,All Days
305Q/1,All Days
305S/3,All Days
306/1,All Days
306/2,All Days
306B/1,All Days
306D/1,All Days
306E/1,All Days
306E/2,All Days
306F/1,All Days
306H/1,All Days
306J/2,All Days
306K/1,All Days
306L/1,All Days
306M/1,All Days
306Q/1,All Days
306T/1,All Days
307B/1,All Days
307C/1,All Days
308/2,All Days
308A/1,All Days
308B/1,All Days
308B/2,All Days
309/1,All Days
30E/1,Week Days
310A/1,All Days
310C/1,Week Days
311/5,All Days
311/6,All Days
311C/1,All Days
311F/1,All Days
311K/1,All Days
313A/1,All Days
313B/1,All Days
313G/1,All Days
313L/1,All Days
313L/2,All Days
314/1,All Days
314/2,All Days
314/4,All Days
314A/1,All Days
314A/2,All Days
314A/3,All Days
314A/4,Week Days
314A/5,All Days
314A/6,Week Days
314B/1,Saturday
314B/3,All Days
314B/5,All Days
314BM/1,All Days
314C/1,Holiday
314D/1,All Days
314D/2,All Days
314D/3,All Days
314E/1,All Days
314E/3,All Days
314E/4,All Days
314F/1,All Days
314FA/1,All Days
314G/2,All Days
314H/1,All Days
314H/2,All Days
314H/3,All Days
314M/2,All Days
314N/1,All Days
314P/1,All Days
314P/2,All Days
314T/3,All Days
314X/1,All Days
315/1,All Days
315/2,Holiday
315/4,All Days
315E/1,All Days
315F/1,All Days
315T/1,All Days
315V/1,All Days
316C/1,All Days
316D/1,All Days
316D/2,All Days
316E/1,All Days
316F/1,All Days
316G/1,All Days
316J/1,All Days
316K/1,All Days
316L/1,All Days
316N/1,All Days
316R/1,All Days
316V/1,All Days
316Y/3,All Days
317A/2,Week Days
317B/1,All Days
317B/2,All Days
317C/1,All Days
317D/1,All Days
317E/1,All Days
317G/2,All Days
317G/3,All Days
317G/6,All Days
317G/8,All Days
317J/1,All Days
317K/1,All Days
317M/1,All Days
317M/2,All Days
317M/3,All Days
317MA/1,All Days
317N/1,All Days
317Q/1,All Days
317QK/1,All Days
317QK/2,All Days
317R/1,All Days
317S/1,All Days
317SA/1,All Days
317TD/1,All Days
317V/1,All Days
317V/2,All Days
317V/3,All Days
317W/1,All Days
317YA/1,All Days
317YB/1,All Days
317YE/1,All Days
317Z/1,All Days
318/2,All Days
318E/1,All Days
319/1,All Days
319/2,All Days
319C/3,Week Days
319E/1,Week Days
319F/1,All Days
319G/1,All Days
319J/1,All Days
319K/1,All Days
319K/2,All Days
31A/1,All Days
31E/1,All Days
31E/4,All Days
320/1,All Days
320A/1,All Days
320B/1,All Days
320C/2,All Days
320E/1,All Days
320J/1,All Days
321/1,All Days
321C/1,All Days
321D/1,All Days
322/1,All Days
322A/1,All Days
322C/1,All Days
322M/1,All Days
323/1,All Days
323A/1,All Days
323AK/1,All Days
323B/1,All Days
323C/1,All Days
323D/1,All Days
323DN/1,All Days
323E/1,All Days
323F/1,All Days
323G/1,All Days
323H/1,All Days
323J/1,All Days
323L/1,All Days
323M/1,All Days
323N/1,All Days
324/1,All Days
324A/1,All Days
324C/1,All Days
324E/1,All Days
325/1,All Days
325/2,All Days
325A/1,All Days
326C/1,All Days
326E/1,All Days
326E/2,All Days
326E/4,All Days
327/2,All Days
327A/1,All Days
327B/1,All Days
327C/2,All Days
327E/1,All Days
327F/1,All Days
327G/1,All Days
327H/1,All Days
327K/1,All Days
328/1,All Days
328/2,All Days
328A/1,All Days
328E/1,All Days
328E/2,All Days
328F/1,All Days
328G/1,All Days
328H/10,All Days
328H/11,All Days
328H/12,All Days
328H/13,All Days
328H/1,All Days
328H/2,All Days
328H/3,All Days
328H/5,All Days
328H/6,All Days
328H/7,All Days
328H/8,All Days
328H/9,All Days
328HA/2,All Days
328HA/3,All Days
328HC/1,All Days
328HD/1,All Days
328HD/2,All Days
328M/1,All Days
329/1,All Days
329A/1,All Days
329B/1,All Days
329C/1,All Days
329D/1,All Days
329E/1,All Days
329F/1,All Days
329G/1,All Days
329H/1,All Days
329J/1,All Days
329L/1,All Days
329M/1,All Days
32E/1,All Days
330/11,Holiday
330/1,All Days
330/2,All Days
330/3,All Days
330/4,All Days
330/5,All Days
330/6,All Days
330/7,Week Days
330/8,Week Days
330A/1,Holiday
330C/1,Week Days
330C/2,All Days
330E/1,All Days
330G/1,All Days
330M/1,All Days
330P/1,All Days
330PG/1,All Days
332/1,All Days
333/15,All Days
333/1,Holiday
333/2,All Days
333/4,All Days
333/5,Week Days
333C/1,All Days
333C/2,Holiday
333C/3,All Days
333D/1,All Days
333D/2,All Days
333E/11,Holiday
333E/13,All Days
333E/14,All Days
333F/1,All Days
333F/2,All Days
333H/1,All Days
333K/1,All Days
333L/1,All Days
333L/2,Holiday
333L/3,Holiday
333L/5,Holiday
333N/1,All Days
333P/1,Week Days
334B/1,All Days
334C/1,All Days
334D/1,Week Days
334E/1,All Days
334E/2,All Days
334E/3,All Days
334E/4,All Days
334E/5,All Days
334E/6,All Days
334E/7,All Days
334E/8,All Days
334E/9,All Days
334EA/1,All Days
335A/3,Holiday
335A/6,Week Days
335A/8,Week Days
335B/1,All Days
335C/1,All Days
335D/1,Week Days
335E/1,Week Days
335E/35,Week Days
335G/1,All Days
335G/2,All Days
335HD/1,All Days
335J/1,Holiday
335K/1,Week Days
335M/1,All Days
335M/2,All Days
335M/3,All Days
335M/4,All Days
335N/10,All Days
335N/1,All Days
335N/2,All Days
335N/3,All Days
335N/4,All Days
335N/5,All Days
335N/6,All Days
335N/7,All Days
335N/8,All Days
335N/9,All Days
335P/1,All Days
335P/2,All Days
335R/1,All Days
335R/2,All Days
335R/3,All Days
335S/1,All Days
335S/2,All Days
335S/4,All Days
335SA/1,All Days
335SA/2,All Days
336/1,All Days
336/2,All Days
336A/1,All Days
336B/1,All Days
337/1,All Days
338/1,All Days
339A/1,All Days
34/2,All Days
340/1,All Days
340A/1,All Days
340A/2,Week Days
340A/3,All Days
340A/4,All Days
340A/5,All Days
340A/6,All Days
340A/7,Holiday
340-AA/1,All Days
340AA/2,All Days
340AA/3,All Days
340F/1,All Days
340G/1,Week Days
340H/3,Holiday
340H/5,Week Days
340H/6,Holiday
340H/7,Holiday
340H/9,All Days
340J/1,All Days
340K/1,All Days
341/2,All Days
341B/1,All Days
341B/2,All Days
341C/1,All Days
341C/2,All Days
341D/1,Week Days
341E/1,All Days
342 SH/2,All Days
342/1,All Days
342A/1,All Days
342A/2,All Days
342A/3,All Days
342A/4,All Days
342A/5,All Days
342AA/1,All Days
342-B/1,All Days
342C/1,All Days
342E/1,All Days
342F/10,All Days
342F/11,All Days
342F/1,All Days
342F/2,All Days
342F/3,All Days
342F/5,All Days
342F/6,All Days
342F/7,Week Days
342F/8,All Days
342G/1,All Days
342H/10,Week Days
342H/11,Week Days
342H/12,Holiday
342H/1,All Days
342H/2,All Days
342H/3,All Days
342H/4,All Days
342H/5,All Days
342H/6,All Days
342H/7,All Days
342H/8,Week Days
342H/9,Week Days
342J/1,All Days
342JB/1,All Days
342K/1,All Days
342K/2,All Days
342L/1,All Days
342M/1,All Days
342M/2,All Days
342MA/1,All Days
342-N/1,All Days
342Q/1,All Days
342R/1,All Days
342S/1,Holiday
342S/2,Week Days
342T/1,All Days
342TA/1,All Days
342U/1,All Days
342W/1,All Days
342WA/1,All Days
342X/1,All Days
342Z/1,All Days
343/1,All Days
343/2,All Days
343/3,All Days
343/4,All Days
343/6,All Days
343/7,All Days
343A/1,All Days
343B/2,All Days
343D/2,All Days
343E/3,Holiday
343E/4,All Days
343E/5,Week Days
343H/1,All Days
343H/2,All Days
343K/1,All Days
343K/2,All Days
343L/1,All Days
343M/1,All Days
343M/2,All Days
343N/1,All Days
344A/1,All Days
344A/2,All Days
344B/1,All Days
344C/1,All Days
344C/2,All Days
344C/3,All Days
344D/1,All Days
344D/2,All Days
345/1,All Days
345/2,All Days
345A/1,All Days
345C/1,All Days
346A/1,All Days
346A/2,All Days
346B/1,All Days
346C/1,All Days
346CJ/1,Week Days
346CJ/2,All Days
346CK/1,All Days
346CK/2,All Days
346E/1,All Days
346F/1,All Days
346G/1,All Days
346H/2,All Days
346J/1,All Days
346K/1,All Days
346M/1,All Days
346N/1,All Days
346-P/1,All Days
346T/1,All Days
346V/1,All Days
347/1,All Days
347/2,All Days
347B/1,All Days
347C/2,All Days
347D/1,All Days
347E/1,All Days
347F/1,Week Days
347G/1,Week Days
347H/1,All Days
347HD/1,All Days
347K/1,All Days
347L/1,All Days
347M/1,All Days
348/1,All Days
348C/1,All Days
348D/1,Holiday
348E/1,Week Days
348E/2,All Days
348F/2,All Days
348G/1,All Days
348J/2,All Days
348M/1,All Days
348M/2,All Days
348M/3,All Days
348M/4,All Days
349/1,All Days
349A/1,All Days
349-B/1,All Days
349C/1,All Days
349D/1,All Days
349E/1,All Days
349F/1,All Days
349J/1,All Days
349K/1,All Days
349L/1,All Days
349M/1,All Days
34A/1,All Days
34B/1,All Days
34C/1,All Days
34F/1,All Days
34S/1,All Days
35/1,All Days
35/2,Week Days
350A/1,All Days
350B/1,All Days
350D/1,All Days
350E/1,All Days
350E/2,All Days
350G/1,All Days
351/1,All Days
351A/1,All Days
351H/1,All Days
351J/1,All Days
351M,All Days
352/1,All Days
352A/1,All Days
352B/1,All Days
352E/1,All Days
353/1,All Days
353A/1,All Days
353B/1,All Days
353C/1,All Days
353E/1,All Days
354/1,All Days
354A/1,All Days
354B/1,All Days
354C/1,All Days
355/1,All Days
355A/1,All Days
355C/2,All Days
355D/1,All Days
355E/1,All Days
355Q/1,All Days
356/7,Week Days
356A/1,All Days
356B/1,All Days
356C/2,Week Days
356CB/1,All Days
356CB/2,All Days
356CD/1,All Days
356CE/1,Week Days
356CE/2,All Days
356CE/3,All Days
356CK/1,All Days
356CK/3,All Days
356CK/4,All Days
356CW/10,All Days
356CW/11,All Days
356CW/12,All Days
356CW/13,All Days
356CW/14,All Days
356CW/15,All Days
356CW/16,All Days
356CW/17,All Days
356CW/18,All Days
356CW/1,All Days
356CW/2,All Days
356CW/3,All Days
356CW/4,All Days
356CW/5,All Days
356CW/6,All Days
356CW/7,All Days
356CW/8,All Days
356CW/9,All Days
356D/1,All Days
356EW/1,All Days
356EW/2,All Days
356EW/3,All Days
356EW/4,All Days
356F/1,All Days
356G/1,All Days
356H/1,All Days
356H/2,All Days
356H/3,All Days
356J/1,All Days
356J/3,All Days
356J/4,All Days
356JE/1,All Days
356JE/2,All Days
356M/10,All Days
356M/12,All Days
356M/15,All Days
356M/16,All Days
356M/17,All Days
356M/1,All Days
356M/2,All Days
356M/3,All Days
356M/4,All Days
356M/5,All Days
356M/6,All Days
356M/8,All Days
356M/9,All Days
356Z/1,All Days
356Z/2,Holiday
356Z/3,All Days
356ZA/1,All Days
357/1,All Days
358/1,All Days
358A/1,All Days
359/1,All Days
359A/1,All Days
35B/1,Week Days
36/1,All Days
36/2,All Days
36/3,All Days
36/4,All Days
36/6,All Days
360/11,All Days
360/14,All Days
360/15,All Days
360/18,All Days
360/1,All Days
360/20,All Days
360/23,Holiday
360/26,Week Days
360C/1,All Days
360D/2,All Days
360E/1,All Days
360F/1,Holiday
360H/1,All Days
360J/1,All Days
360K/10,All Days
360K/11,All Days
360K/12,All Days
360K/13,Week Days
360K/14,Week Days
360K/15,Holiday
360K/16,All Days
360K/17,All Days
360K/1,All Days
360K/2,All Days
360K/3,All Days
360K/4,All Days
360K/5,All Days
360K/6,All Days
360K/7,All Days
360K/8,All Days
360K/9,All Days
360N/1,All Days
360Q/1,All Days
361/1,All Days
361A/1,All Days
361B/1,All Days
361C/10,All Days
361C/11,All Days
361-C/12,All Days
361C/13,All Days
361C/14,All Days
361C/15,All Days
361C/16,All Days
361C/17,All Days
361C/1,All Days
361C/2,All Days
361C/3,All Days
361C/4,All Days
361C/5,All Days
361C/6,All Days
361C/7,All Days
361C/8,All Days
361C/9,All Days
361D/1,All Days
361K/1,All Days
362/1,All Days
362A/2,All Days
362C/10,All Days
362C/1,All Days
362C/2,All Days
362C/3,All Days
362C/4,All Days
362C/5,All Days
362C/6,All Days
362C/8,All Days
362C/9,All Days
362CA/2,All Days
362D/1,All Days
362D/2,All Days
362F/1,All Days
362J/1,All Days
362K/1,All Days
364/2,All Days
364A/1,All Days
364A/2,All Days
364A/3,Holiday
364B/1,All Days
364B/3,All Days
364B/4,All Days
364C/1,All Days
364F/1,All Days
364F/3,All Days
364FA/1,All Days
364G/1,All Days
364G/2,All Days
364H/1,Week Days
364J/1,Week Days
365/11,All Days
365/12,Holiday
365/3,All Days
365/4,All Days
365/5,All Days
365/7,All Days
365/8,All Days
365B/1,All Days
365B/2,All Days
365C/1,All Days
365D/10,All Days
365D/11,All Days
365D/12,All Days
365D/13,All Days
365D/14,All Days
365D/1,All Days
365D/2,All Days
365D/3,All Days
365D/4,All Days
365D/6,All Days
365D/7,All Days
365D/8,All Days
365D/9,All Days
365E/1,All Days
365E/2,All Days
365H/1,All Days
365H/2,All Days
365J/2,All Days
365J/5,All Days
365J/6,All Days
365J/7,All Days
365J/8,All Days
365K/1,All Days
365M/2,All Days
365N/1,All Days
365N/2,All Days
365P/10,All Days
365P/11,All Days
365P/12,All Days
365P/13,All Days
365P/14,All Days
365P/15,All Days
365P/17,All Days
365P/1,All Days
365P/2,All Days
365P/3,All Days
365P/4,All Days
365P/5,All Days
365P/6,All Days
365P/8,All Days
365Q/1,All Days
365R/1,All Days
365S/1,All Days
365W/1,All Days
366/1,All Days
366/4,All Days
366/7,All Days
366A/3,All Days
366A/4,All Days
366A/5,All Days
366A/6,All Days
366A/7,All Days
366AA/1,Week Days
366BA/1,All Days
366C/1,All Days
366C/2,All Days
366D/1,All Days
366EA/1,All Days
366F/1,All Days
366G/2,All Days
366G/3,All Days
366G/9,All Days
366KA/1,All Days
366L/1,All Days
366M/2,All Days
366M/3,All Days
366N/1,All Days
366N/2,All Days
366Q/1,All Days
366QA/1,All Days
366R/1,All Days
366R/2,All Days
366T/1,All Days
366W/1,All Days
366X/1,All Days
366Z/1,All Days
366Z/2,All Days
366Z/3,All Days
366Z/4,All Days
366Z/5,All Days
366Z/6,All Days
366Z/7,All Days
367/1,All Days
367C/1,All Days
367D/1,All Days
367F/1,All Days
368/1,All Days
368/2,All Days
368/3,All Days
368C/1,All Days
368D/1,All Days
368E/1,Week Days
368E/2,Week Days
368F/1,All Days
368H/1,All Days
369/1,All Days
369/2,Week Days
369/3,All Days
369/4,Saturday
369/6,All Days
369A/1,All Days
369B/1,All Days
369B/2,All Days
369C/1,All Days
369C/2,All Days
369c/3,Holiday
369C/4,Holiday
369C/5,All Days
369CA/1,All Days
369CA/2,All Days
369D/1,All Days
369D/2,All Days
369D/3,All Days
369E/1,All Days
369E/2,All Days
369E/3,All Days
369F/1,All Days
369G/1,All Days
369H/1,All Days
369J/1,All Days
369-K/1,All Days
369-K/3,All Days
369N/1,All Days
369N/2,Week Days
369N/3,All Days
369N/4,All Days
369P/1,All Days
369Q/1,All Days
36A/1,All Days
36A/2,All Days
36A/4,Week Days
36A/6,All Days
36B/1,All Days
36B/3,Holiday
36D/3,All Days
36F/1,All Days
36F/2,All Days
36G/1,Holiday
36G/2,All Days
37/1,All Days
37/2,Holiday
37/3,All Days
37/4,All Days
37/6,All Days
370A/1,All Days
370A/2,All Days
370B/1,All Days
370D/1,All Days
370E/1,All Days
371A/2,All Days
371D/1,All Days
372/1,All Days
372B/1,All Days
372E/1,All Days
372F/1,All Days
372G/1,All Days
372H/1,All Days
372M/1,All Days
372MA/1,All Days
373B/2,Holiday
373E/1,Week Days
373M/2,All Days
373M/3,All Days
373M/7,All Days
374/1,All Days
374M/1,All Days
374M/2,All Days
374MA/1,All Days
374N/1,All Days
374N/2,All Days
374N/3,All Days
375/1,All Days
375/2,All Days
375B/1,All Days
375B/3,All Days
375B/4,All Days
375C/1,Week Days
375D/1,Week Days
375D/2,Week Days
375D/5,All Days
375D/6,All Days
375D/8,Week Days
375D/9,Week Days
375E/1,All Days
375G/1,All Days
375G/2,All Days
375G/3,All Days
375GA/1,All Days
375GA/2,All Days
375H/1,All Days
375J/1,All Days
377/1,All Days
378/10,All Days
378/12,All Days
378/13,All Days
378/14,All Days
378/15,All Days
378/16,All Days
378/17,All Days
378/18,All Days
378/1,All Days
378/21,All Days
378/22,All Days
378/23,All Days
378/24,All Days
378/25,All Days
378/26,All Days
378/27,All Days
378/28,All Days
378/29,All Days
378/2,All Days
378/30,All Days
378/31,All Days
378/32,Holiday-Saturday
378/33,All Days
378/34,All Days
378/35,All Days
378/36,All Days
378/37,Week-End
378/38,All Days
378/39,All Days
378/3,All Days
378/4,All Days
378/5,All Days
378/6,All Days
378/7,All Days
378/8,All Days
378/9,All Days
378A/1,All Days
378A/2,All Days
378B/2,All Days
378C/1,All Days
378C/2,All Days
378C/4,All Days
378C/5,All Days
378D/3,All Days
378D/4,All Days
378G/1,All Days
378H/1,Week Days
378H/2,All Days
378M/1,All Days
378N/1,All Days
37B/1,All Days
37D/1,All Days
37E/1,All Days
37E/2,All Days
37F/1,All Days
380/1,All Days
380/2,All Days
380B/1,All Days
380C/1,All Days
380C/2,All Days
380E/1,All Days
380E/2,All Days
380F/1,All Days
380N/1,All Days
380P/1,All Days
380Q/1,All Days
381A/1,All Days
381C/1,All Days
381C/2,All Days
381C/3,All Days
381C/4,All Days
381C/5,All Days
381C/6,All Days
381D/1,All Days
381E/1,All Days
381G/1,All Days
381J/1,All Days
381K/1,All Days
382/1,All Days
382A/1,All Days
382AB/1,All Days
383/1,All Days
383A/1,All Days
383C/1,All Days
398B/1,All Days
398B/2,All Days
398H/1,All Days
398H/2,All Days
398H/3,All Days
398H/4,All Days
399/1,All Days
399/3,All Days
399A/1,All Days
399A/2,All Days
399A/3,All Days
399A/4,All Days
399B/1,Holiday
399C/1,All Days
399C/2,All Days
399CA/1,All Days
399E/1,All Days
399E/2,All Days
399F/1,All Days
399F/2,All Days
399F/3,All Days
3B/1,Holiday
3B/2,All Days
3B/3,All Days
3C/1,All Days
3E/1,Week Days
3F-1/1,All Days
3F-1/2,All Days
3F-1/3,All Days
3F-1/4,All Days
3F-5/1,All Days
3F-5/2,All Days
3F-5/3,All Days
3F-5/4,All Days
4/2,Holiday
400A/1,Week Days
400A/2,All Days
401/11,Holiday
401/12,All Days
401/14,All Days
401/15,Week Days
401/16,All Days
401/17,Week Days
401/1,All Days
401/2,All Days
401/3,All Days
401/4,All Days
401/6,Holiday
401/7,Week Days
401/8,Holiday
401/9,All Days
401A/10,All Days
401A/11,All Days
401A/12,All Days
401A/13,All Days
401A/15,All Days
401A/16,All Days
401A/17,All Days
401A/18,All Days
401A/19,All Days
401A/1,All Days
401A/2,All Days
401A/3,All Days
401A/4,All Days
401A/5,Holiday
401A/6,Week Days
401A/7,All Days
401A/8,All Days
401A/9,All Days
401AB/1,All Days
401AE/1,All Days
401AF/1,All Days
401AF/2,All Days
401AF/3,All Days
401AF/4,All Days
401AF/5,All Days
401AF/6,All Days
401AG/1,All Days
401AM/1,All Days
401AM/2,All Days
401B/10,All Days
401B/11,All Days
401B/12,All Days
401B/13,All Days
401B/15,All Days
401B/16,All Days
401B/1,Holiday
401B/2,All Days
401B/3,Week Days
401B/4,All Days
401B/5,All Days
401B/6,All Days
401B/7,All Days
401B/8,All Days
401B/9,All Days
401BA/1,All Days
401BJ/2,All Days
401BK/1,All Days
401BK/4,Holiday
401BR/1,All Days
401BR/2,All Days
401BR/3,All Days
401BR/4,All Days
401BR/5,All Days
401E/1,All Days
401E/2,All Days
401E/3,All Days
401F/2,All Days
401J/1,All Days
401JB/1,All Days
401JC/1,All Days
401K/10,All Days
401K/11,All Days
401K/12,All Days
401K/13,All Days
401K/16,All Days
401K/17,All Days
401K/18,All Days
401K/19,All Days
401K/1,All Days
401K/20,All Days
401K/21,All Days
401K/22,All Days
401K/23,All Days
401K/24,All Days
401K/25,All Days
401K/26,All Days
401K/27,All Days
401K/28,All Days
401K/29,All Days
401K/2,All Days
401K/30,All Days
401K/31,All Days
401K/32,All Days
401K/33,All Days
401K/34,All Days
401K/35,Week Days
401K/36,All Days
401K/37,All Days
401K/38,All Days
401K/39,All Days
401K/3,Saturday
401K/40,All Days
401K/41,All Days
401K/42,All Days
401K/4,All Days
401K/5,All Days
401K/6,Saturday
401K/7,All Days
401K/9,All Days
401KA/1,All Days
401KB/10,Week Days
401KB/11,All Days
401KB/1,All Days
401KB/2,Saturday
401KB/3,All Days
401KB/4,All Days
401KB/5,All Days
401KB/6,All Days
401KB/7,All Days
401KB/8,All Days
401KC/1,All Days
401KC/2,All Days
401KM/1,All Days
401KM/2,All Days
401L/1,All Days
401M/10,All Days
401M/11,All Days
401M/12,All Days
401M/13,All Days
401M/14,All Days
401M/16,All Days
401M/17,All Days
401M/18,All Days
401M/19,All Days
401M/20,All Days
401M/21,All Days
401M/22,All Days
401M/23,All Days
401M/24,All Days
401M/25,All Days
401M/27,All Days
401M/28,All Days
401M/29,All Days
401M/2,All Days
401M/30,All Days
401M/31,All Days
401M/32,All Days
401M/33,All Days
401M/34,All Days
401M/35,All Days
401M/36,All Days
401M/37,All Days
401M/4,All Days
401M/5,All Days
401M/6,All Days
401M/7,All Days
401M/8,All Days
401MA/1,All Days
401MA/2,All Days
401MC/1,All Days
401MC/2,All Days
401MC/4,All Days
401MC/5,All Days
401MC/6,All Days
401MD/1,All Days
401MK/2,All Days
401MK/3,All Days
401MN/1,All Days
401MS/1,All Days
401N/2,All Days
401N/3,All Days
401Q/3,Holiday
401R/10,All Days
401R/11,All Days
401R/12,All Days
401R/13,All Days
401R/14,Holiday
401R/15,All Days
401R/17,All Days
401R/18,Week Days
401R/19,Holiday
401R/1,All Days
401R/2,All Days
401R/3,All Days
401R/4,All Days
401R/5,All Days
401R/8,Week Days
401R/9,All Days
401RA/1,All Days
401RB/1,Holiday
401RC/1,All Days
401RC/2,All Days
401RC/3,All Days
401RC/4,All Days
401RF/1,All Days
401RH/1,All Days
401T/1,All Days
401Y/1,All Days
402A/1,All Days
402B/10,All Days
402B/12,Saturday
402B/13-Weekday,Holiday
402B/1,All Days
402B/2,All Days
402B/3,All Days
402B/4,All Days
402B/5,All Days
402B/6,Holiday
402C/1,All Days
402D/10,All Days
402D/11,All Days
402D/12,All Days
402D/1,Week Days
402D/3,All Days
402D/4,All Days
402D/5,All Days
402D/6,All Days
402D/7,All Days
402D/8,Holiday
402G/4,All Days
402M/1,Week Days
404C/1,All Days
404C/2,All Days
404E/1,All Days
406/1,All Days
406/2,All Days
407/3,All Days
407B/1,All Days
407C/1,All Days
407D/1,All Days
407F/1,All Days
409/1,All Days
410/11,All Days
410/13,All Days
410/14,All Days
410/15,All Days
410/16,All Days
410/17,All Days
410/19,All Days
410/1,Week Days
410/20,All Days
410/4,All Days
410/5,All Days
410/6,All Days
410/7,All Days
410/8,Holiday
410/9,Holiday
410A/1,All Days
410A/2,All Days
410A/3,All Days
410A/4,All Days
410A/5,All Days
410F/11,All Days
410F/2,All Days
410F/9,All Days
410FA/10,All Days
410FA/11,All Days
410FA/12,All Days
410FA/13,All Days
410FA/1,All Days
410FA/2,All Days
410FA/3,All Days
410FA/4,All Days
410FA/5,All Days
410FA/6,All Days
410FA/7,All Days
410FA/9,All Days
410FB/2,All Days
410FB/3,All Days
410FC/1,All Days
410FC/2,All Days
410FC/4,All Days
410G/1,Week Days
410G/2,All Days
410J/1,All Days
411/1,All Days
411A/1,All Days
411A/2,Holiday
411D/2,All Days
411J/1,All Days
412/1,All Days
412/2,All Days
412/3,All Days
412/4,All Days
412/5,All Days
412/6,All Days
412A/1,All Days
414/1,All Days
415/1,All Days
415/2,All Days
415/3,All Days
415/4,All Days
415/5,All Days
415A/2,All Days
415B/2,All Days
415B/3,All Days
415D/1,All Days
415D/2,Holiday
415E/1,All Days
415F/1,All Days
415G/1,All Days
415H/1,All Days
415H/2,All Days
415J/1,Holiday
43/1,All Days
43/2,Week Days
43/3,All Days
43A/1,Holiday
43A/2,All Days
43A/3,All Days
43B/1,All Days
43B/2,All Days
43B/5,All Days
43B/6,All Days
43B/7,All Days
43C/1,All Days
43C/3,All Days
43D/1,All Days
43E/2,All Days
43E/3,All Days
43E/4,All Days
43E/5,All Days
43E/6,Week-End
43H/1,All Days
43H/2,All Days
43J/1,All Days
43M/1,All Days
443A/1,All Days
443A/2,All Days
45A/1,All Days
45B/1,All Days
45B/3,All Days
45B/4,All Days
45B/5,All Days
45C/1,Week Days
45D/10,All Days
45D/11,All Days
45D/13,All Days
45D/14,Week Days
45D/16,All Days
45D/1,All Days
45D/2,All Days
45D/4,All Days
45D/5,All Days
45D/6,All Days
45D/7,Week-End
45D/8,All Days
45D/9,All Days
45E/1,Holiday
45E/2,All Days
45E/4,All Days
45E/5,All Days
45E/7,All Days
45E/8,All Days
45F/1,All Days
45F/4,All Days
45G/2,All Days
45G/3,Week Days
45G/4,All Days
45G/6,Week Days
45H/2,All Days
45J/1,Week Days
45J/3,All Days
45J/4,Week Days
45K/1,All Days
46/1,All Days
46/2,Holiday
46A/1,All Days
46A/2,All Days
46A/3,All Days
49/1,All Days
5/1,Holiday
50/2,All Days
500/2,Week Days
500/3,Holiday
500/5,All Days
500/9,All Days
500A/10,All Days
500A/12,All Days
500A/13,All Days
500A/14,All Days
500A/15,All Days
500A/16,All Days
500A/17,All Days
500A/18,All Days
500A/19,All Days
500A/1,All Days
500A/20,All Days
500A/24,All Days
500A/25,All Days
500A/26,Week Days
500A/27,All Days
500A/28,All Days
500A/29,All Days
500A/2,All Days
500A/31,Week Days
500A/32,Holiday
500A/33,All Days
500A/3,All Days
500A/4,All Days
500A/5,All Days
500A/6,All Days
500A/7,All Days
500A/9,All Days
500AA/1,All Days
500AA/2,All Days
500AA/3-Weekday,Holiday
500AA/6,Holiday
500AB/5,All Days
500AB/8,All Days
500AB/9,All Days
500B/2,All Days
500B/4,All Days
500B/5,All Days
500BA/1,All Days
500BA/2,All Days
500BC/1,All Days
500C/11,All Days
500C/12,All Days
500C/13,All Days
500C/2,All Days
500C/3,All Days
500C/4,Holiday
500C/6,All Days
500C/9,All Days
500CA/25,Holiday
500CA/5,All Days
500CF/3,Holiday
500CF/4,All Days
500CT/1,All Days
500CT/2,All Days
500D/01,All Days
500D/02,All Days
500D/03,All Days
500D/04,All Days
500D/05,All Days
500D/10,Week Days
500D/11,Week Days
500D/12,All Days
500D/13,All Days
500D/14,All Days
500D/15,All Days
500D/16,All Days
500D/17,All Days
500D/18,All Days
500D/19,All Days
500D/1,Holiday
500D/20,All Days
500D/21,All Days
500D/22,All Days
500D/23,All Days
500D/24,All Days
500D/25,All Days
500D/26,All Days
500D/27,All Days
500D/28,All Days
500D/29,All Days
500D/2,All Days
500D/34,All Days
500D/35,All Days
500D/36,All Days
500D/37,All Days
500D/38,All Days
500D/39,All Days
500D/40,All Days
500D/41,All Days
500D/42,All Days
500D/43,All Days
500D/44,All Days
500D/45,All Days
500D/46,All Days
500D/49,All Days
500D/53,All Days
500D/54,All Days
500D/55,All Days
500D/57,Holiday
500D/58,Holiday
500D/59,All Days
500D/60,Week Days
500DB/1,All Days
500DB/3,All Days
500DB/4,All Days
500DC/5,All Days
500DC/6,All Days
500DG/1,All Days
500DG/2,All Days
500DG/3,All Days
500DG/4,All Days
500DG/5,All Days
500DH/1,All Days
500DH/2,All Days
500DH/3,All Days
500DK/1,All Days
500DK/2,Week Days
500DK/3,All Days
500DK/4,All Days
500DM/1,All Days
500DM/2,All Days
500DM/3,All Days
500DM/4,All Days
500DS/1,All Days
500DS/2,All Days
500DS/3,All Days
500DS/4,All Days
500DY/1,All Days
500DY/2,All Days
500E/1,Week Days
500F/10,All Days
500F/11,Week Days
500F/12,All Days
500F/13,All Days
500F/14,All Days
500F/15,All Days
500F/16,All Days
500F/18,All Days
500F/19,Week Days
500F/1,Week Days
500F/20,Holiday
500F/2,Week Days
500F/3,Holiday
500F/4,Week Days
500F/5,All Days
500F/6,All Days
500F/9,All Days
500G/7,All Days
500H/1,All Days
500J/1,Holiday
500J/2,Holiday
500KK/1,All Days
500KK/2,All Days
500KK/4,All Days
500L/11,Week Days
500L/12,Holiday
500l/13,Holiday
500L/14,Week Days
500L/15,Holiday
500L/1,All Days
500L/4,All Days
500L/5,All Days
500L/6,All Days
500L/7,All Days
500L/8,All Days
500Q/11,All Days
500Q/12,All Days
500Q/13,All Days
500Q/14,All Days
500Q/1,All Days
500Q/9,All Days
500QD/1,All Days
500QD/2,All Days
500QD/3,All Days
500QG/1,All Days
500QG/2,All Days
500QG/3,All Days
500QK/11,All Days
500QK/12,All Days
500QK/1,All Days
500QK/2,Holiday
500QK/3,All Days
500QK/4,All Days
500QK/5,All Days
500QK/6,All Days
500T/6,Week Days
500TA/1,All Days
500Y/6,All Days
501/8,All Days
501/9,All Days
501A/10,All Days
501A/11,All Days
501A/12,All Days
501A/13,All Days
501A/15,All Days
501A/16,All Days
501A/19,All Days
501A/1,All Days
501A/20,All Days
501A/21,All Days
501A/22,All Days
501A/25,All Days
501A/26,Week Days
501A/27,Holiday
501A/28,All Days
501A/2,All Days
501A/4,All Days
501A/5,All Days
501A/8,All Days
501A/9,All Days
501B/1,All Days
501B/4,All Days
501BH/1,All Days
501BH/2,All Days
501BH/3,Week Days
501BH/4,All Days
501BH/5,All Days
501BH/6,All Days
501BH/7,All Days
501BH/8,All Days
501C/10,Week Days
501C/11,All Days
501C/12,All Days
501C/13,All Days
501C/14,All Days
501C/15,All Days
501C/16,All Days
501C/17,All Days
501C/18,All Days
501C/19,All Days
501C/20,All Days
501C/2,All Days
501C/4,All Days
501C/5,All Days
501C/6,All Days
501C/7,All Days
501C/8,All Days
501C/9,All Days
501F/1,All Days
501F/2,Week Days
501GA/1,All Days
501GA/3,Holiday
501GA/6,Week Days
501L/1,Holiday
501L/2,Week Days
501L/3,All Days
501N/1,All Days
502/10,Week Days
502/11,Week Days
502/12,All Days
502/13,All Days
502/14,All Days
502/1,All Days
502/2,All Days
502/3,All Days
502/6,All Days
502A/12,All Days
502A/13,Holiday
502A/16,All Days
502A/17,Week Days
502A/18,All Days
502A/2,All Days
502A/4,All Days
502A/5,All Days
502A/6,All Days
502B/1,All Days
502C/1,All Days
502C/2,All Days
502C/3,All Days
502C/4,All Days
502C/5,All Days
502D/3,All Days
502D/5,All Days
502DA/1,All Days
502E/10,All Days
502E/11,Week Days
502E/12,All Days
502E/13,All Days
502E/14,All Days
502E/15,All Days
502E/1,All Days
502E/2,All Days
502E/3,All Days
502E/4,All Days
502E/5,All Days
502E/6,All Days
502E/7,All Days
502E/8,All Days
502E/9,All Days
502F/1,All Days
502F/3,All Days
502F/4,Week Days
502F/5,Holiday
502F/7,All Days
502F/8,All Days
502FA/1,All Days
502FA/2,All Days
502FA/3,All Days
502FA/4,All Days
502FB/1,Week Days
502H/10,All Days
502H/11,All Days
502H/13,All Days
502H/14,All Days
502H/15,All Days
502H/16,All Days
502H/18,All Days
502H/19,All Days
502H/1,Holiday
502H/20,All Days
502H/21,All Days
502H/22,All Days
502H/23,All Days
502H/24,All Days
502H/25,All Days
502H/26,All Days
502H/27,All Days
502H/28,Week Days
502H/29,All Days
502H/2,All Days
502H/3,All Days
502H/4,All Days
502H/5,All Days
502H/6,All Days
502H/7,All Days
502H/8,All Days
502H/9,All Days
502HA/1,All Days
502HB/1,All Days
502HC/1,All Days
502HC/2,All Days
502HE/1,All Days
502J/1,All Days
502J/4,All Days
502J/5,Week Days
502J/7,All Days
502J/8,All Days
502K/1,All Days
502K/4,All Days
502L/1,All Days
502L/2,All Days
502L/3,All Days
502L/5,All Days
502M/1,All Days
502V/4,All Days
502V/5,Holiday
503/1,All Days
503A/1,All Days
503A/2,All Days
503A/3,All Days
503A/4,All Days
504E/1,All Days
505E/10,All Days
505E/1,All Days
505E/2,All Days
505E/6,All Days
505E/7,All Days
505E/8,All Days
505E/9,All Days
506A/1,All Days
507/1,All Days
507/2,All Days
507/3,All Days
507/4,All Days
507/5,All Days
507/7,All Days
507/8,All Days
507A/1,All Days
507A/4,All Days
507A/5,All Days
507A/6,All Days
507B/1,All Days
507B/3,All Days
507B/4,All Days
507B/5,All Days
507C/1,All Days
507C/2,All Days
507C/3,All Days
507C/4,All Days
507C/5,All Days
507C/6,All Days
507C/8,All Days
507D/1,All Days
507D/2,All Days
507D/3,All Days
507D/4,All Days
507DY/1,All Days
507DY/2,All Days
507DY/3,All Days
507DY/4,All Days
507E/1,Holiday
507PS/1,All Days
507PS/2,All Days
507PS/3,All Days
507PS/4,All Days
507PS/5,All Days
507PS/6,All Days
510/1,All Days
510/2,All Days
510/3,All Days
510/4,All Days
510/5,All Days
510A/1,All Days
510A/2,All Days
510A/4,All Days
510A/5,All Days
52/1,All Days
52/3,All Days
52E/1,All Days
54E/1,All Days
55/2,Holiday
55B/1,All Days
55B/2,All Days
56/1,All Days
56/2,All Days
57A/1,Holiday
58/2,All Days
59A/2,Saturday
59B/1,All Days
59C/1,Holiday
59D/1,All Days
59F/1,All Days
5F-1/4,All Days
600/15,All Days
600/2,All Days
600/3,All Days
600/4,All Days
600/5,All Days
600C/10,All Days
600C/12,All Days
600C/13,Week Days
600C/14,Week Days
600C/15,All Days
600C/1,All Days
600C/2,All Days
600C/3,All Days
600C/4,All Days
600C/5,All Days
600C/6,All Days
600C/7,All Days
600C/8,Week Days
600C/9,All Days
600CA/1,All Days
600CA/2,All Days
600CA/3,All Days
600CA/4,All Days
600CA/5,All Days
600CA/6,All Days
600CB/2,All Days
600CB/5,All Days
600CF/1,All Days
600CF/2,All Days
600CF/3,All Days
600CF/4,All Days
600CF/5,All Days
600CF/6,All Days
600CF/7,All Days
600CF/9,All Days
600CH/1,All Days
600D/1,All Days
600F/10,All Days
600F/11,All Days
600F/12,All Days
600F/13,All Days
600F/14,All Days
600F/15,All Days
600F/16,All Days
600F/17,All Days
600F/19,All Days
600F/1,All Days
600F/20,All Days
600F/21,All Days
600F/22,All Days
600F/23,All Days
600F/24,All Days
600F/25,All Days
600F/26,All Days
600F/27,All Days
600F/28,Week Days
600F/2,All Days
600F/30,All Days
600F/31,All Days
600F/32,All Days
600F/33,All Days
600F/34,All Days
600F/35,All Days
600F/36,All Days
600F/37,All Days
600F/38,All Days
600F/39,Week Days
600F/3,All Days
600F/40,Week Days
600F/41,All Days
600F/42,All Days
600F/43,All Days
600F/44,All Days
600F/45,All Days
600F/4,All Days
600F/5,All Days
600F/6,All Days
600F/7,All Days
600F/8,All Days
600F/9,All Days
600FA/1,All Days
600FA/2,All Days
600FB/1,Holiday
600FB/2,All Days
600FC/1,All Days
600FC/2,All Days
600FD/1,All Days
600FD/2,All Days
600G/1,Week Days
600G/2,All Days
600GA/1,All Days
600KA/2,All Days
600KA/3,All Days
600KB/1,All Days
600KB/2,All Days
600KB/3,All Days
600KB/4,All Days
600KB/5,Holiday
600KB/6,All Days
600KD/1,Week Days
600KD/2,Week Days
600KD/4,Holiday
600KD/5,All Days
600Q/1,All Days
600QA/1,All Days
600QA/2,All Days
601/11,All Days
601/12,All Days
601/1,All Days
601/2,All Days
606/1,All Days
60A/10,All Days
60A/12,Week Days
60A/13,Week Days
60A/1,All Days
60A/2,Holiday
60A/3,All Days
60A/4,Week Days
60A/5,All Days
60A/6,All Days
60A/7,All Days
60A/8,Holiday
60A/9,Week Days
60C/1,All Days
60E/1,All Days
60E/2,Saturday
60E/3,All Days
60E/6,All Days
60E/7,All Days
60E/8,All Days
60F/1,All Days
60G/1,Holiday
60J/1,All Days
60L/1,All Days
61/4,Holiday
61/5,Holiday
61A/1,Week Days
61A/2,Holiday
61A/3,Holiday
61A/5,Holiday
61A/6,Holiday
61A/8,Holiday
61B/1,All Days
61C/1,All Days
61C/2,All Days
61E/1,Week Days
61E/2,Holiday
61F/1,Week Days
61F/2,Week Days
61G/1,Week Days
61J/1,All Days
61J/2,All Days
61J/5,All Days
61M/1,Holiday
61M/2,Week Days
62D/2,Holiday
63/1,Holiday
63/2,Week Days
63/4,All Days
63/7,All Days
63B/2,All Days
63C/2,Holiday
63C/4,Holiday
63E/1,All Days
64/1,All Days
64D/1,Week Days
65B/2,All Days
65B/3,Week Days
65B/4,Saturday
65B/6,All Days
66/6,Holiday
66A/1,Holiday
68/1,All Days
74/2,Holiday
74/6,Week Days
75/1,Week Days
75/2,Week Days
75/3,Week Days
75B/1,All Days
75B/2,All Days
75D/1,All Days
75D/2,All Days
75E/1,All Days
75E/2,Week Days
75F/1,All Days
75H/2,All Days
76E/1,All Days
77/1,All Days
77/4,All Days
77/5,All Days
77/6,All Days
77A/2,Week Days
77B/1,Week Days
77B/2,All Days
77B/3,All Days
77B/4,All Days
77B/5,Week Days
77B/7,All Days
77C/1,All Days
77C/2,All Days
77E/1,All Days
77E/2,All Days
77E/3,All Days
77E/4,All Days
77E/5,Week Days
77E/6,All Days
77F/1,Holiday
77F/2,All Days
78/4,All Days
78A/1,Holiday
78E/1,Week Days
79A/1,All Days
79B/1,All Days
79D/2,All Days
79D/3,All Days
79E/1,All Days
79E/2,All Days
79E/3,All Days
79F/1,All Days
79G/1,Week Days
79G/2,All Days
79J/1,All Days
79K/1,All Days
79R/1,All Days
7-F/1,All Days
8/4,Week Days
80/1,All Days
80/3,All Days
80/4,All Days
80/8,Week Days
80A/10,All Days
80A/13,All Days
80A/14,Holiday
80A/15,Holiday
80A/16,All Days
80A/17,All Days
80A/18,Week Days
80A/19,Week Days
80A/2,All Days
80A/4,All Days
80A/5,All Days
80A/6,All Days
80A/7,All Days
80A/8,Week Days
80A/9,Week Days
80B/1,All Days
80B/2,All Days
80C/2,All Days
80D/1,All Days
80E/1,All Days
80E/2,All Days
80F/2,All Days
80F/3,All Days
80F/4,All Days
80F/6,All Days
80F/8,All Days
80G/1,All Days
80G/2,All Days
80G/3,Week Days
80G/4,Holiday
80G/6,All Days
80K/1,All Days
80R/1,All Days
80R/2,Week Days
80R/3,All Days
80R/4,All Days
80R/5,All Days
81/1,All Days
82/2,All Days
82/4,Holiday
82/6,All Days
82/7,Week Days
82A/1,All Days
82A/5,Holiday
82AR/2,All Days
82AR/3,All Days
82AR/4,All Days
82AR/5,All Days
82B/2,Week Days
82B/3,All Days
82C/3,Holiday
83D/1,All Days
83D/2,All Days
84/1,All Days
86/1,Week Days
86E/2,All Days
87/1,Holiday
87/2,Week Days
87/3,Week Days
87/4,All Days
87/5,All Days
87/7,Week Days
87A/1,All Days
87B/4,All Days
87C/1,Holiday
87C/2,Saturday
87J/1,All Days
87S/1,Week Days
87S/2,All Days
88/1,Week Days
88/2,Holiday
88A/1,All Days
88A/3,All Days
88E/1,All Days
89A/1,All Days
89A/2,All Days
89A/3,All Days
89B/1,All Days
89C/1,All Days
89C/2,All Days
89C/3,All Days
89C/4,All Days
89C/5,All Days
89D/1,All Days
89D/2,All Days
89E/1,All Days
89E/2,All Days
89E/4,Week Days
89E/5,All Days
89E/6,All Days
89E/7,All Days
89E/9,Week Days
89F/1,All Days
89H/1,All Days
9/2,Week Days
90E/1,All Days
90E/2,Week Days
90E/3,All Days
90E/4,All Days
90E/5,All Days
90E/6,All Days
90E/7,All Days
90E/8,All Days
91/2,Holiday
91C/2,All Days
91D/2,Holiday
91D/3,Week Days
91D/5,Week Days
92E/1,All Days
92E/2,All Days
94C/2,All Days
94D/1,All Days
94E/1,All Days
94E/2,All Days
94E/3,All Days
95/1,All Days
95/2,All Days
95/3,All Days
95/4,All Days
95/6,Week Days
95/8,Holiday
95A/4,All Days
95A/5,All Days
95B/2,All Days
95C/1,All Days
95D/1,All Days
95E/1,All Days
95G/1,All Days
96/13,Week Days
96/14,Holiday
96/1,Week Days
96/2,All Days
96/3,Holiday
96/4,All Days
96/5,All Days
96/6,All Days
96/7,All Days
96/8,All Days
96A/10,Week Days
96A/11,Week Days
96A/1,All Days
96A/2,All Days
96A/3,All Days
96A/4,All Days
96A/5,All Days
96A/6,All Days
96A/7,All Days
96B/1,All Days
96B/2,Holiday
96B/3,Week Days
96C/1,Week Days
96C/2-Mon,Wed
96D/1,Week Days
96E/2,All Days
96E/3,All Days
96E/4,Week Days
96E/7,All Days
96G/10,All Days
96G/11,All Days
96G/12,All Days
96G/13,All Days
96G/14,All Days
96G/16,All Days
96G/17,All Days
96G/18,All Days
96G/1,All Days
96G/20,All Days
96G/2,All Days
96G/3,All Days
96G/4,All Days
96G/5,All Days
96G/6,All Days
96G/8,All Days
96G/9,Week Days
96H/2,All Days
98C/1,All Days
98E/2,All Days
98F/1,Week Days
99A/1,All Days
99B/1,Holiday
99B/2,Week Days
99B/3,All Days
99B/4,Week Days
99B/5,Holiday
99B/6,All Days
AS-1/1,All Days
AS-1/2,All Days
AS-1/3,All Days
AS-10/1,All Days
AS-12/1,All Days
AS-12/2,All Days
AS-13/1,All Days
AS-14/1,All Days
AS-14/2,All Days
AS-14/3,All Days
AS-15/1,All Days
AS-17/1,Holiday
AS-17/2,All Days
AS-18/1,All Days
AS-19/1,All Days
AS-19/2,All Days
AS-2/1,All Days
AS-6/1,All Days
AS-6/3,All Days
AS-6/4,All Days
AS-7/1,All Days
AS-8/1,All Days
AS-9/1,All Days
AS-9/4,All Days
BC-3A/1,All Days
BC-3A/2,All Days
BC-3A/4,All Days
BC3A/5,All Days
BC-3A/6,All Days
BC-3A/7,All Days
BC-3A/8,All Days
BC-3B/1,All Days
BC-4A/1,All Days
BC-4A/2,All Days
BC-4A/3,All Days
BC-6/2,All Days
BC-6/3,All Days
BC-6/4,All Days
BC-7/2,All Days
BC-7B/1,All Days
BC-7B/2,All Days
BC-7B/3,All Days
BC-7B/5,All Days
BC-7B/7,All Days
BC-8/1,All Days
BC-8/2,All Days
BC-9/1,All Days
BC-9/2,All Days
BC-9B/3,All Days
BC-9B/5,All Days
Bengaluru Darshini Service ,All Days
BIG B-3/3,All Days
BIG B-3/7,All Days
BVK-1/1,All Days
BVK-1/2,Week Days
C-365/18,Holiday
C-365/19,All Days
C-365/20,All Days
C-365/21,All Days
C-365/22,All Days
C-365/23,All Days
C-365/24,All Days
C-365/26,Week Days
C-365/27,All Days
C-500A/16,All Days
C-500A/17,Holiday
C-500A/19,Holiday
C-500A/20,All Days
C-500CA/43,All Days
C-500CA/44,Holiday
C-500CA/45,Holiday
C-500CK/10,All Days
C-500CK/11,All Days
C-500CK/13,All Days
C-500CK/8,All Days
C-500CK/9,All Days
C-500F/2,All Days
CHAKRA-10/1,All Days
CHAKRA-10/2,All Days
CHAKRA-3/1,All Days
CHAKRA-3/2,All Days
CHAKRA-3A/1,All Days
CHAKRA-3A/2,All Days
CHAKRA-3A/3,All Days
CHAKRA-6/1,All Days
CHAKRA-6A/1,All Days
CHAKRA-8/1,All Days
CHAKRA-8/2,All Days
CHAKRA-8/3,Week-End
CHAKRA-8/4,Week-End
CHAKRA-8/5,All Days
CHAKRA-8A/1,All Days
CHAKRA-8A/2,All Days
CHAKRA-8A/3,Week-End
Chakra-8A/4,Week-End
CHAKRA-8A/5,All Days
CS-2/17,All Days
CS-20/1,All Days
CS-201/26,Holiday
CS-3/1,All Days
CS-39,Holiday
CS-4/1,Holiday
FDR-1/1,All Days
FDR-1/2,All Days
FDR-1/3,All Days
FDR-11A/1,All Days
FDR-2/1,All Days
FDR-2/2,All Days
FDR-2/3,All Days
FDR-7/1,All Days
FDR-9/1,All Days
G-10/1,All Days
G-10/2,All Days
G-10/3,All Days
G-10/4,All Days
G-10/5,All Days
G-10/6,All Days
G-10/7,All Days
G-10/8,All Days
G-11/1,All Days
G-11/2,All Days
G-11/3,All Days
G-11/4,All Days
G-11/5,All Days
G-11/6,All Days
G-11/7,All Days
G-11/8,All Days
G-11/9,All Days
G-12/1,All Days
G-12/3,All Days
G-12/4,All Days
G-12/6,All Days
G-12/8,All Days
G-2/10,All Days
G-2/12,All Days
G-2/14,All Days
G-2/15,All Days
G-2/16,All Days
G-2/17,All Days
G-2/18,All Days
G-2/1,All Days
G-2/2,All Days
G-2/3,All Days
G-2/4,All Days
G-2/5,All Days
G-2/6,All Days
G-2/7,All Days
G-2/8,All Days
G-2/9,All Days
G-2A/3,All Days
G-2A/4,All Days
G-2A/5,All Days
G-2A/6,All Days
G-3/10,All Days
G-3/11,All Days
G-3/12,All Days
G-3/13,All Days
G-3/14,All Days
G-3/15,All Days
G-3/16,All Days
G-3/17,All Days
G-3/18,All Days
G-3/19,All Days
G-3/1,All Days
G-3/20,All Days
G-3/21,All Days
G-3/23,All Days
G-3/24,All Days
G-3/25,All Days
G-3/26,All Days
G-3/2,All Days
G-3/3,All Days
G-3/4,All Days
G-3/5,All Days
G-3/6,All Days
G-3/7,All Days
G-3/8,All Days
G-3/9,All Days
G-3A/2,All Days
G-3A/3,All Days
G-3A/4,All Days
G-3A/5,All Days
G-4/10,All Days
G-4/11,All Days
G-4/12,All Days
G-4/13,All Days
G-4/14,All Days
G-4/15,All Days
G-4/16,All Days
G-4/17,All Days
G-4/18,All Days
G-4/1,All Days
G-4/2,All Days
G-4/3,All Days
G-4/4,All Days
G-4/5,All Days
G-4/6,All Days
G-4/7,All Days
G-4/8,All Days
G-4/9,All Days
G-6/1,All Days
G-6/3,All Days
G-6/4,All Days
G-6/5,All Days
G-6/6,All Days
G-7/10,All Days
G-7/11,All Days
G-7/12,All Days
G-7/13,All Days
G-7/14,All Days
G-7/15,All Days
G-7/2,All Days
G-7/3,All Days
G-7/4,All Days
G-7/5,All Days
G-7/6,All Days
G-7/7,All Days
G-7/8,All Days
G-7/9,All Days
G-8/10,All Days
G-8/11,All Days
G-8/12,All Days
G-8/1,All Days
G-8/2,All Days
G-8/3,All Days
G-8/6,All Days
G-8/7,All Days
G-8/8,All Days
G-8/9,All Days
G-9/10,All Days
G-9/11,All Days
G-9/12,All Days
G-9/7,All Days
G-9/8,All Days
G-9/9,All Days
G-9A/1,All Days
G-9A/2,All Days
G-9A/3,All Days
G-9A/4,All Days
G-9A/5,All Days
G-9A/6,All Days
HAL-FEEDER-1/1,All Days
HS-4/1,All Days
JPV-1/5,All Days
JPV-1/6,All Days
Jpv-1/7,Holiday
JPV-10/2,Holiday
JPV-10/3,Holiday
JPV-11/1,Holiday
JPV-11/4,All Days
JPV-12/2,Week Days
JPV-129/2,All Days
JPV-13/3,Holiday
JPV-13/4,Week Days
JPV-13/6,All Days
JPV-13/7,Week Days
JPV-138/8,All Days
JPV-138/9,Week Days
JPV-138A/4,Holiday
JPV-138D/1,Holiday
JPV-15/1,Week Days
JPV-15H/2,Week Days
JPV-2/6,Holiday
JPV-2/8,All Days
JPV-21/4,Week Days
JPV-25B/4,Week Days
JPV-26/2,All Days
JPV-26/3,All Days
JPV-3/1,All Days
JPV3/3,All Days
JPV-3/4,Week Days
JPV-314/3,Week Days
JPV-314A/7,Holiday
JPV-331/3,Holiday
JPV-400D/1,Holiday
JPV-45E/3,Holiday
JPV-45E/6,Holiday
JPV-5/2,Holiday
JPV-5/3,Holiday
JPV-5/4,Holiday
JPV-61/1,Week Days
JPV-61/3,Holiday
JPV-65B/8,Week Days
JPV-9/1,Week Days
JPV-99B/7,All Days
K-1/11,All Days
k-1/13,All Days
K-1/2,All Days
K-1/4,All Days
K-1/6,All Days
K-1/8,All Days
K-2/10,All Days
K-2/11,All Days
K-2/12,Week Days
K-2/13,All Days
K-2/14,All Days
K-2/15,All Days
K-2/17,All Days
K-2/1,All Days
K-2/2,All Days
K-2/3,All Days
K-2/4,All Days
K-2/5,All Days
K-2/6,All Days
K-2/7,All Days
K-2/8,All Days
K-2/9,All Days
K-3/10,All Days
K-3/2,All Days
K-3/3,All Days
K-3/5,All Days
K-3/6,All Days
K-3/7,All Days
K-3/8,All Days
K-3/9,All Days
K-4/10,All Days
K-4/11,All Days
K-4/12,All Days
K-4/1,All Days
K-4/2,All Days
K-4/3,All Days
K-4/4,All Days
K-4/5,All Days
K-4/6,All Days
K-4/7,All Days
K-4/8,All Days
K-4/9,All Days
K-5/10,All Days
K-5/13,All Days
K-5/14,All Days
K-5/1,All Days
K-5/7,All Days
K-5/9,All Days
K-6/10,All Days
K-6/11,All Days
K-6/12,All Days
K-6/14,All Days
K-6/1,All Days
K-6/2,All Days
K-6/3,All Days
K-6/4,All Days
K-6/5,All Days
K-6/9,All Days
KBS-12HK/10,All Days
KBS-12HK/11,All Days
KBS-12HK/18,All Days
KBS-12HK/20,All Days
KBS-12HK/22,All Days
KBS-12HK/4,All Days
KBS-12HK/5,All Days
KBS-12HK/7,All Days
KBS-12HK/8,All Days
KBS-13K/1,All Days
KBS-13K/2,All Days
KBS-13K/3,All Days
KBS-13K/4,All Days
KBS-1I/10,All Days
KBS-1I/11,All Days
KBS-1I/12,All Days
KBS-1I/13,All Days
KBS-1I/15,All Days
KBS-1I/16,Holiday
KBS-1I/17,All Days
KBS-1I/18,All Days
KBS-1I/19,All Days
KBS-1I/1,All Days
KBS-1I/20,All Days
KBS-1I/21,All Days
KBS-1I/22,All Days
KBS-1I/25,All Days
KBS-1I/26,All Days
KBS-1I/27,All Days
KBS-1I/29,All Days
KBS-1I/2,All Days
KBS-1I/30,All Days
KBS-1I/3,All Days
KBS-1I/4,All Days
KBS-1I/5,All Days
KBS-1I/8,All Days
KBS-1I/9,All Days
KBS-1K/11,All Days
KBS-1K/12,All Days
KBS-1K/13,All Days
KBS-1K/1,All Days
KBS-1K/2,All Days
KBS-1K/3,All Days
KBS-1K/4,All Days
KBS-1K/5,All Days
KBS-1K/6,All Days
KBS-1K/7,All Days
KBS-1K/8,All Days
KBS-1K/9,All Days
KBS-3A/10,All Days
KBS-3A/11,All Days
KBS-3A/12,All Days
KBS-3A/13,All Days
KBS-3A/14,All Days
KBS-3A/15,All Days
KBS-3A/16,All Days
KBS-3A/17,All Days
KBS-3A/18,All Days
KBS-3A/19,All Days
KBS-3A/1,All Days
KBS-3A/20,All Days
KBS-3A/21,All Days
KBS-3A/22,All Days
KBS-3A/23,All Days
KBS-3A/25,All Days
KBS-3A/26,All Days
KBS-3A/27,All Days
KBS-3A/28,All Days
KBS-3A/29,All Days
KBS-3A/2,All Days
KBS-3A/30,All Days
KBS-3A/31,All Days
KBS-3A/32,All Days
KBS-3A/33,All Days
KBS-3A/34,All Days
KBS-3A/35,All Days
KBS-3A/36,All Days
KBS-3A/37,All Days
KBS-3A/38,All Days
KBS-3A/39,All Days
KBS-3A/3,All Days
KBS-3A/40,All Days
KBS-3A/41,All Days
KBS-3A/42,All Days
KBS-3A/43,All Days
KBS-3A/44,All Days
KBS-3A/45,All Days
KBS-3A/46,All Days
KBS-3A/47,All Days
KBS-3A/48,All Days
KBS-3A/49,All Days
KBS-3A/4,All Days
KBS-3A/5,All Days
KBS-3A/6,All Days
KBS-3A/7,All Days
KBS-3A/8,All Days
KBS-3A/9,All Days
KBS-3C/10,All Days
KBS-3C/12,All Days
KBS-3C/1,All Days
KBS-3C/2,All Days
KBS-3C/3,All Days
KBS-3C/4,All Days
KBS-3C/5,All Days
KBS-3C/6,All Days
KBS-3C/7,All Days
KBS-3C/8,All Days
KBS-3C/9,All Days
KBS-3E/10,All Days
KBS-3E/11,All Days
KBS-3E/12,All Days
KBS-3E/1,All Days
KBS-3E/2,All Days
KBS-3E/3,All Days
KBS-3E/4,All Days
KBS-3E/5,All Days
KBS-3E/6,All Days
KBS-3E/7,All Days
KBS-3E/8,All Days
KBS-3E/9,All Days
KBS-5H/1,All Days
KBS-5H/2,All Days
KBS-5H/3,All Days
KBS-5H/4,All Days
KBS-5H/5,All Days
KBS-5H/6,All Days
KBS-5H/7,All Days
KBS-5H/8,All Days
KIAS-10/2,All Days
KIAS-10/3,All Days
KIAS-10/4,All Days
KIAS-10/5,All Days
KIAS-12/1,All Days
KIAS-12/2,All Days
KIAS-12/3,All Days
KIAS-12/4,All Days
KIAS-12/5,All Days
KIAS-12/6,All Days
KIAS-4/1,All Days
KIAS-4/2,All Days
KIAS-4/3,All Days
KIAS-4/4,All Days
KIAS-4/5,All Days
KIAS-4/6,All Days
KIAS-4/7,All Days
KIAS-5/1,All Days
KIAS-5/2,All Days
KIAS-5/3,All Days
KIAS-5/4,All Days
KIAS-5/5,All Days
KIAS-5/6,All Days
KIAS-5/7,All Days
KIAS-5/8,All Days
KIAS-5/9,All Days
KIAS-6/1,All Days
KIAS-6/2,All Days
KIAS-6/3,All Days
KIAS-6/4,All Days
KIAS-6/5,All Days
KIAS-7/2,All Days
KIAS-7/3,All Days
KIAS-7/4,All Days
KIAS-7A/1,All Days
KIAS-7A/2,All Days
KIAS-7A/3,All Days
KIAS-7A/4,All Days
KIAS-8/10,All Days
KIAS-8/11,All Days
KIAS-8/12,All Days
KIAS-8/13,All Days
KIAS-8/14,All Days
KIAS-8/1,All Days
KIAS-8/2,All Days
KIAS-8/3,All Days
KIAS-8/4,All Days
KIAS-8/5,All Days
KIAS-8/6,All Days
KIAS-8/7,All Days
KIAS-8/8,All Days
KIAS-8/9,All Days
KIAS-8C/1,All Days
KIAS-8C/2,All Days
KIAS-8C/3,All Days
KIAS-8C/4,All Days
KIAS-9/10,All Days
KIAS-9/11,All Days
KIAS-9/12,All Days
KIAS-9/1,All Days
KIAS-9/2,All Days
KIAS-9/3,All Days
KIAS-9/4,All Days
KIAS-9/5,All Days
KIAS-9/6,All Days
KIAS-9/7,All Days
KIAS-9/8,All Days
KIAS-9/9,All Days
MBS-1/1,All Days
MBS-12/1,All Days
MBS-15/2,Week Days
MBS-17/1,All Days
MBS-17/2,Holiday
MBS-17/3,All Days
MBS-17/4,Holiday
MBS-2/1,All Days
MBS-2/2,All Days
MBS-2/3,All Days
MBS-2/4,All Days
MBS-24/1,All Days
MBS-24/3,All Days
MBS-6/1,All Days
MBS-6/2,Week Days
MBS-6/6,Week Days
MBS8/1,All Days
MBS8/2,All Days
MBS-8/3,All Days
MBS-8/4,All Days
MBS-8/5,All Days
MBS8/6,All Days
MBS-8/7,All Days
MBS9/4,All Days
MBS-9/7,All Days
MF-1/2,All Days
MF-1/4,Week Days
MF-10/1,All Days
MF-10/2,All Days
MF-10/3,All Days
MF-5/1,All Days
MF-5/3,Holiday
MF-6/4,All Days
MF-7/1,All Days
MF-7/2,All Days
MF-7/3,All Days
MF-7/4,All Days
MKT-12HK/10,All Days
MKT-12HK/13,All Days
MKT-12HK/14,All Days
MKT-12HK/15,All Days
MKT-12HK/4,All Days
MKT-12HK/6,All Days
MKT-12HK/7,All Days
MKT-12HK/9,All Days
MKT-5H/10,All Days
MKT-5H/11,All Days
MKT-5H/12,All Days
MKT-5H/13,All Days
MKT-5H/1,All Days
MKT-5H/2,All Days
MKT-5H/3,All Days
MKT-5H/4,All Days
MKT-5H/5,All Days
MKT-5H/7,All Days
MKT-5H/8,All Days
MKT-5H/9,All Days
NDH:MF-1/1,All Days
NDH:MF-2/2,All Days
NDH:MF-2/3,All Days
NDH:MF-2/4,All Days
NLM-F2/2,All Days
PHS-20,All Days
PHS-23/1,All Days
PHS-27,Week Days
PHS-29,All Days
PHS-3/1,All Days
PHS-34/1,Holiday
PHS-35,All Days
PHS-36/1,All Days
PHS-37/1,Week Days
PHS-41/1,Holiday
PHS-47/1,Week Days
PHS-4,Holiday
PHS-61/1,Holiday
PK-1/4,All Days
PK-100E/1,Holiday
PK-11/3,All Days
PK-139/4,Week Days
PK-13E/2,Week Days
PK-141/4,Holiday
PK-150/1,Week Days
PK201/28,Week Days
PK-210A/7,Week Days
PK-235N/1,All Days
PK-25/2,Holiday
PK-30/3,All Days
PK-333/3,Week Days
PK-333L/4,Holiday
PK-37/5,Holiday
PK-410/2,All Days
PK-43E/1,Holiday
PK-500C/1,All Days
PK-500K/1,Week Days
PK-504/1,All Days
PK-77/2,Holiday
PK-95/7,All Days
PK-96G/15,All Days
SBS-13K/1,All Days
SBS-13K/2,All Days
SBS-13K/3,All Days
SBS-13K/4,All Days
SBS-13K/7,All Days
SBS-13K/8,All Days
SBS-1K/10,All Days
SBS-1K/11,All Days
SBS-1K/12,All Days
SBS-1K/13,All Days
SBS-1K/14,All Days
SBS-1K/15,All Days
SBS-1K/1,All Days
SBS-1K/2,All Days
SBS-1K/3,All Days
SBS-1K/4,All Days
SBS-1K/5,All Days
SBS-1K/6,All Days
SBS-1K/7,All Days
SBS-1K/8,All Days
SBS-1K/9,All Days
SJP-FDR-1/2,All Days
TR-10/1,All Days
TR-12/10,All Days
TR-12/11,All Days
TR12/12,Holiday
TR-12/14,All Days
TR-12/15,All Days
TR-12/4,All Days
TR-12/5,All Days
TR12/7,All Days
TR-12/8,All Days
TR-12/9,All Days
TR-12A/1,All Days
TR12A/2,All Days
TR-2/2,All Days
TR-2/3,All Days
TR-2/5,All Days
TR-3/2,All Days
TR-3/3,All Days
TR-3/5,All Days
TR-3/6,All Days
TR-3/7,All Days
TR-4/10,All Days
TR-4/11,All Days
TR-4/12,All Days
TR4/1,All Days
TR-4/2,All Days
TR4/3,All Days
TR4/4,All Days
TR4/5,All Days
TR-4/6,All Days
TR-4/7,All Days
TR-4/8,All Days
TR-4/9,All Days
TR4A/1,All Days
TR-4A/3,All Days
TR6/1,All Days
TR6/3,All Days
TR6/6,All Days
TR-7/4,All Days
TR-8/4,Holiday
Trumpet-1/2,All Days
V-195/1,All Days
V-195/2,All Days
V-195/3,All Days
V-195/5,All Days
V-201R/11,All Days
V-201R/12,All Days
V-201R/13,Holiday
V-201R/14,Holiday
V-201R/15,Holiday
V-201R/16,All Days
V-201R/17,All Days
V-201R/19,All Days
V-201R/1,All Days
V-201R/22,Week Days
V-201R/2,Holiday
V-201R/3,All Days
V-201R/5,All Days
V-201R/6,All Days
V-201R/7,All Days
V-201R/8,All Days
V-201R/9,All Days
V-215H/1,All Days
V-226WF/1,All Days
V-250ZA/1,Week Days
V-250ZA/2,Week Days
V-250ZA/3,Week Days
V-250ZA/4,Week Days
V-276/1,Week Days
V-276/3,Week Days
V-276/4,All Days
V-285M/1,All Days
V-285M/2,All Days
V-285M/3,All Days
V-317A/1,All Days
V-319CT/1,Week Days
V-319CT/3,Week Days
V-319CT/5,Holiday
V-319CT/6,Holiday
V-331A/1,All Days
V-331A/2,Week Days
V-331A/3,Holiday
V-331A/5,All Days
V-331A/6,Week Days
V-331A/8,All Days
V-333P/4,All Days
V-333T/1,All Days
V-333T/2,All Days
V-333T/3,All Days
V-333T/4,All Days
V-333W/1,All Days
V-333W/2,All Days
V-333W/3,All Days
V-333W/4,All Days
V-333W/5,Week Days
V-333Z/2,All Days
V-333Z/3,All Days
V-333Z/5,Holiday
V-333Z/6,Week Days
V-335E/10,Holiday
V-335E/11,All Days
V-335E/12,Week Days
V-335E/13,Holiday
V-335E/14,All Days
V-335E/15,Week Days
V-335E/16,All Days
V-335E/17,All Days
V-335E/18,Holiday
V-335E/19,Holiday
V-335E/1,Holiday
V-335E/20,All Days
V-335E/21,All Days
V-335E/22,All Days
V-335E/23,Week Days
V-335E/24,All Days
V-335E/25,All Days
V-335E/26,All Days
V-335E/27,All Days
V-335E/28,All Days
V-335E/29,All Days
V-335E/2,All Days
V-335E/30,All Days
V-335E/31,Week Days
V-335E/32,Week Days
V-335E/33,Week Days
V-335E/34,Week Days
V-335E/35,Holiday
V-335E/36,All Days
V-335E/37,All Days
V-335E/38,All Days
V-335E/39,All Days
V-335E/3,Holiday
V-335E/40,All Days
V-335E/41,All Days
V-335E/42,All Days
V-335E/43,All Days
V-335E/44,All Days
V-335E/45,All Days
V-335E/46,All Days
V-335E/47,All Days
V-335E/49,All Days
V-335E/4,All Days
V-335E/51,Holiday
V-335E/52,All Days
V-335E/53,All Days
V-335E/54,All Days
V-335E/55,All Days
V-335E/56,All Days
V-335E/57,All Days
V-335E/58,All Days
V-335E/5,All Days
V-335E/6,All Days
V-335E/7,Week Days
V-335E/8,All Days
V-335E/9,All Days
V-335EA/2,Holiday
V-335EK/11,All Days
V-335EK/12,All Days
V-335EK/14,All Days
V-335EK/15,Week Days
V-335EK/1,Holiday
V-335EK/2,Week Days
V-335EK/3,All Days
V-335EK/4,All Days
V-335EK/5,Week Days
V-335EK/6,All Days
V-335EK/7,Holiday
V-335EK/8,Holiday
V-335EN/1,All Days
V-335EN/2,All Days
V-335EN/4,All Days
V-335EN/5,All Days
V-335EP/10,All Days
V-335EP/11,All Days
V-335EP/2,All Days
V-335EP/3,All Days
V-335EP/4,All Days
V-335EP/5,Holiday
V-335EP/6,Week Days
V-335EP/7,Week Days
V-335EP/8,Holiday
V-335EP/9,All Days
V-335ET/1,Holiday
V-335EV/1,Holiday
V-335EV/2,All Days
V-335EV/3,All Days
V-335EV/4,All Days
V-335EV/5,Holiday
V-335EV/6,Week Days
V-335EV/7,All Days
V-335PE/10,All Days
V-335PE/11,All Days
V-335PE/1,Week Days
V-335PE/2,All Days
V-335PE/4,Week Days
V-335PE/5,All Days
V-335PE/6,All Days
V-335PE/7,All Days
V-335PE/8,All Days
V-335PE/9,All Days
V-335T/1,All Days
V-335T/2,All Days
V-335T/3,All Days
V-335T/4,All Days
V-335T/5,Week Days
V-335T/6,Week Days
V-335Y/1,All Days
V-335Y/2,All Days
V-335Y/3,All Days
V-335Y/4,All Days
V-342F/10,All Days
V-342F/1,All Days
V-342F/2,All Days
V-342F/3,All Days
V-342F/4,Holiday
V-342F/5,All Days
V-342F/6,All Days
V-342F/7,All Days
V-342F/8,All Days
V-342F/9,All Days
V-356/10,All Days
V-356/11,Week Days
V-356/12,Holiday
V-356/13,Holiday
V-356/14,Holiday
V-356/15,Holiday
V-356/1,Week Days
V-356/2,All Days
V-356/3,All Days
V-356/4,Week Days
V-356/5,Holiday
V-356/7,All Days
V-356/8,Week Days
V-356/9,All Days
V-356C/11,All Days
V-356C/12,Holiday
V-356C/13,All Days
V-356C/14,All Days
V-356C/15,Week Days
V-356C/1,Holiday
V-356C/2,All Days
V-356C/5,All Days
V-356C/6,All Days
V-356C/7,All Days
V-356C/8,Holiday
V-356C/9,Holiday
V-356M/2,All Days
V-356M/3,All Days
V-356P/1,All Days
V-356P/2,All Days
V-356P/3,All Days
V-356P/4,All Days
V-356Q/3,Holiday
V-360B/10,All Days
V-360B/11,All Days
V-360B/12,All Days
V-360B/13,Holiday
V-360B/14,All Days
V-360B/15,Week Days
V-360B/16,All Days
V-360B/17,Holiday
V-360B/18,All Days
V-360B/19,Week Days
V-360B/1,Holiday
V-360B/20,Week Days
V-360B/21,Week Days
V-360B/23,Week Days
V-360B/24,All Days
V-360B/25,All Days
V-360B/26,All Days
V-360B/27,All Days
V-360B/28,All Days
V-360B/29,All Days
V-360B/2,Week Days
V-360B/30,Week Days
V-360B/32,All Days
V-360B/35,All Days
V-360B/36,All Days
V-360B/37,All Days
V-360B/38,All Days
V-360B/39,Week Days
V-360B/45,All Days
V-360B/46,All Days
V-360B/47,All Days
V-360B/48,All Days
V-360B/4,All Days
V-360B/5,All Days
V-360B/6,Holiday
V-360B/7,All Days
V-360B/8,All Days
V-360B/9,All Days
V-362E/1,All Days
V-362E/3,All Days
V-365/10,All Days
V-365/11,All Days
V-365/12,All Days
V-365/13,All Days
V-365/14,All Days
V-365/15,All Days
V-365/16,All Days
V-365/17,All Days
V-365/18,All Days
V-365/19,All Days
V-365/1,All Days
V-365/20,Week Days
V-365/25,Week Days
V-365/26,Holiday
V-365/2,Week Days
V-365/3,All Days
V-365/4,All Days
V-365/6,Week Days
V-365/7,All Days
V-365/8,All Days
V-365J/1,All Days
V-365J/2,Week Days
V-365J/3,Week Days
V-365J/4,All Days
V-365J/5,All Days
V-365P/1,Week Days
V-411GT/1,All Days
V-411GT/2,Holiday
V-411GT/3,All Days
V-45G/1,Week Days
V-500A/10,All Days
V-500A/11,All Days
V-500A/12,All Days
V-500A/14,Week Days
V-500A/15,Week Days
V-500A/1,Holiday
V-500A/25,Holiday
V-500A/26,All Days
V-500A/27,All Days
V-500A/28,Week Days
V-500A/2,Week Days
V-500A/3,All Days
V-500A/4,All Days
V-500A/5,Holiday
V-500A/6,Holiday
V-500A/7,Week Days
V-500A/8,All Days
V-500A/9,All Days
V-500BC/1,All Days
V-500BC/2,All Days
V-500BC/3,Holiday
V-500BC/4,Holiday
V-500BM/1,All Days
V-500BM/2,Holiday
V-500BM/3,All Days
V-500BM/4,All Days
V-500CA/10,Holiday
V-500CA/15,All Days
V-500CA/16,Holiday
V-500CA/17,Week Days
V-500CA/18,All Days
V-500CA/1,All Days
V-500CA/20,All Days
V-500CA/21,Week Days
V-500CA/23,All Days
V-500CA/26,All Days
V-500CA/27,Holiday
V-500CA/28,Week Days
V-500CA/29,Holiday
V-500CA/2,All Days
V-500CA/32,Holiday
V-500CA/34,All Days
V-500CA/35,All Days
V-500CA/36,All Days
V-500CA/37,All Days
V-500CA/38,All Days
V-500CA/39,Holiday
V-500CA/3,All Days
V-500CA/40,All Days
V-500CA/41,All Days
V-500CA/42,All Days
V-500CA/43,All Days
V-500CA/44,All Days
V-500CA/45,All Days
V-500CA/46,All Days
V-500CA/47,All Days
V-500CA/4,Week Days
V-500CA/5,Week Days
V-500CA/6,Holiday
V-500CA/7,Holiday
V-500CA/8,Week Days
V-500CA/9,Week Days
V-500CB/1,Week Days
V-500CB/2,Week Days
V-500CH/1,All Days
V-500CH/2,All Days
V-500CH/3,All Days
V-500CH/5,All Days
V-500CH/6,Holiday
V-500CH/7,Holiday
V-500CK/14,All Days
V-500CK/16,All Days
V-500CK/17,All Days
V-500CK/18,All Days
V-500CK/19,Holiday
V-500CK/1,All Days
V-500CK/2,Week Days
V-500CK/3,All Days
V-500CK/4,All Days
V-500CK/5,All Days
V-500CK/6,All Days
V-500CK/7,All Days
V-500CN/1,All Days
V-500CN/2,All Days
V-500CN/3,All Days
V-500CN/4,All Days
V-500D/10,All Days
V-500D/11,All Days
V-500D/12,Holiday
V-500D/13,Holiday
V-500D/14,All Days
V-500D/15,Holiday
V-500D/16,Holiday
V-500D/17,Holiday
V-500D/18,All Days
V-500D/19,All Days
V-500D/1,Holiday
V-500D/20,All Days
V-500D/21,All Days
V-500D/22,All Days
V-500D/23,All Days
V-500D/24,All Days
V-500D/25,All Days
V-500D/26,Week Days
V-500D/27,Week Days
V-500D/28,All Days
V-500D/29,Week Days
V-500D/2,Week Days
V-500D/30,Week Days
V-500D/31,All Days
V-500D/32,All Days
V-500D/33,All Days
V-500D/34,Holiday
V-500D/35,Holiday
V-500D/36,Week Days
V-500D/37,Holiday
V-500D/38,All Days
V-500D/39,All Days
V-500D/40,All Days
V-500D/41,Week Days
V-500D/42,All Days
V-500D/43,All Days
V-500D/44,All Days
V-500D/45,Holiday
V-500D/46,All Days
V-500D/47,All Days
V-500D/48,All Days
V-500D/49,All Days
V-500D/4,Holiday
V-500D/50,All Days
V-500D/53,Week Days
V-500D/54,Week Days
V-500D/55,Week Days
V-500D/56,Holiday
V-500D/57,All Days
V-500D/5,Holiday
V-500D/6,All Days
V-500D/7,All Days
V-500D/8,All Days
V-500D/9,All Days
V-500DA/2,All Days
V-500DC/1,Week Days
V-500DC/2,Week Days
V-500DC/3,Week Days
V-500DE/2,All Days
V-500DE/3,All Days
V-500DE/4,Holiday
V-500DF/1,All Days
V-500DF/2,All Days
V-500DF/3,All Days
V-500E/1,All Days
V-500E/2,All Days
V-500E/3,All Days
V-500E/4,All Days
V-500E/5,All Days
V-500E/6,All Days
V-500F/1,Week Days
V-500FA/1,All Days
V-500FA/2,All Days
V-500FA/3,All Days
V-500FA/4,All Days
V-500FA/5,All Days
V-500FA/6,All Days
V-500K/10,Week Days
V-500K/11,All Days
V-500K/12,All Days
V-500K/14,Week Days
V-500K/16,All Days
V-500K/17,All Days
V-500K/19,All Days
V-500K/1,Holiday
V-500K/20,All Days
V-500K/21,All Days
V-500K/22,Week Days
V-500K/23,All Days
V-500K/24,All Days
V-500K/25,All Days
V-500K/26,All Days
V-500K/27,Week Days
V-500K/28,All Days
V-500K/2,Week Days
V-500K/30,All Days
V-500K/34,Week Days
V-500K/35,Week Days
V-500K/36,Week Days
V-500K/37,Week Days
V-500K/38,Holiday
V-500K/3,All Days
V-500K/4,Week Days
V-500K/5,Holiday
V-500K/6,Week Days
V-500K/7,Week Days
V-500K/8,Holiday
V-500K/9,All Days
V-500KC/1,Week Days
V-500KE/10,All Days
V-500KE/3,All Days
V-500KE/4,All Days
V-500KE/5,All Days
V-500KE/6,Week Days
V-500KE/7,All Days
V-500KE/8,Holiday
V-500KE/9,All Days
V-500KG/1,Week Days
V-500KG/2,Week Days
V-500KG/3,All Days
V-500KG/4,All Days
V-500KM/1,All Days
V-500KM/2,All Days
V-500KM/3,All Days
V-500KR/1,All Days
V-500KR/2,Week Days
V-500KR/4,All Days
V-500KR/5,All Days
V-500KS/1 ,Week Days
V-500N/2,Holiday
V-500P/1,All Days
V-500P/2,All Days
V-500P/3,All Days
V-500P/4,All Days
V-500W/1,Week Days
V-500W/2,All Days
V-500W/3,Week Days
V-500W/4,All Days
V-500W/5,Week Days
V-500W/6,Week Days
V-502G/2,All Days
V-502G/3,All Days
V-502G/4,All Days
V-502G/5,All Days
V-502G/6,All Days
V-505/1,Week Days
V-505/4,Week Days
V-505/6,Week Days
V-505/7,Holiday
V-505/8,Holiday
V-505A/3,Week Days
V-505A/4,Week Days
V-600C/1,Week Days
V-600CF/1,Holiday
V-600CF/2,Holiday
V-600K/1,Week Days
V-600K/2,Week Days
V-600K/4,Week Days
V-600K/5,Week Days
V-600K/6,All Days
V-600KA/1,Holiday
V-600KB/1,Holiday
V-600KB/2,Holiday
V-600KC/1,All Days
V-600NL/1,All Days
V-600NL/3,All Days
V-600NL/4,All Days
V-600NL/5,All Days
V-600NL/6,All Days
VJN:MF-1/1,All Days
VJN:MF-1/2,All Days
VJN:MF-1A/1,All Days
VJN:MF-1A/3,All Days
V-MF-11/1,All Days
V-MF-11/2,All Days
V-MF-11/4,All Days
V-MF-11/5,All Days
